tweet_id,timestamp,rating_numerator,rating_denominator,name,stage,retweets,likes
892420643555336193,2017-08-01 16:23:56+00:00,13,10,Phineas,None,7723,36289
892177421306343426,2017-08-01 00:17:27+00:00,13,10,Tilly,None,5714,31295
891815181378084864,2017-07-31 00:18:03+00:00,12,10,Archie,None,3786,23568
891689557279858688,2017-07-30 15:58:51+00:00,13,10,Darla,None,7884,39589
891327558926688256,2017-07-29 16:00:24+00:00,12,10,Franklin,None,8502,37805
890971913173991426,2017-07-28 16:27:12+00:00,13,10,Jax,None,1854,11092
890609185150312448,2017-07-27 16:25:51+00:00,13,10,Zoey,None,3922,26203
890240255349198849,2017-07-26 15:59:51+00:00,14,10,Cassie,doggo,6714,29941
890006608113172480,2017-07-26 00:31:25+00:00,13,10,Koda,None,6699,28823
889880896479866881,2017-07-25 16:11:53+00:00,13,10,Bruno,None,4562,26220
889638837579907072,2017-07-25 00:10:02+00:00,12,10,Ted,None,4104,25412
889531135344209921,2017-07-24 17:02:04+00:00,13,10,Stuart,puppo,2061,14212
889278841981685760,2017-07-24 00:19:32+00:00,13,10,Oliver,None,4871,23676
888917238123831296,2017-07-23 00:22:39+00:00,12,10,Jim,None,4113,27363
888804989199671297,2017-07-22 16:56:37+00:00,13,10,Zeke,None,3880,24043
888554962724278272,2017-07-22 00:23:06+00:00,13,10,Ralphus,None,3183,18560
888078434458587136,2017-07-20 16:49:33+00:00,12,10,Gerald,None,3165,20470
887705289381826560,2017-07-19 16:06:48+00:00,13,10,Jeffrey,None,4919,28420
887517139158093824,2017-07-19 03:39:09+00:00,14,10,such,None,10766,43595
887473957103951883,2017-07-19 00:47:34+00:00,13,10,Canela,None,16453,64615
886983233522544640,2017-07-17 16:17:36+00:00,13,10,Maya,None,7017,32842
886736880519319552,2017-07-16 23:58:41+00:00,13,10,Mingus,None,2938,11268
886680336477933568,2017-07-16 20:14:00+00:00,13,10,Derek,None,4086,21120
886366144734445568,2017-07-15 23:25:31+00:00,12,10,Roscoe,pupper,2894,19873
886258384151887873,2017-07-15 16:17:19+00:00,13,10,Waffles,None,5771,26322
885984800019947520,2017-07-14 22:10:11+00:00,12,10,Jimbo,None,6142,30604
885528943205470208,2017-07-13 15:58:47+00:00,13,10,Maisey,None,5845,33791
885311592912609280,2017-07-13 01:35:06+00:00,13,10,Lilly,None,16939,0
884925521741709313,2017-07-12 00:01:00+00:00,12,10,Earl,None,16551,72522
884876753390489601,2017-07-11 20:47:12+00:00,13,10,Lola,None,5106,26191
884562892145688576,2017-07-11 00:00:02+00:00,13,10,Kevin,None,4300,22833
884162670584377345,2017-07-09 21:29:42+00:00,12,10,Yogi,doggo,2738,19184
883838122936631299,2017-07-09 00:00:04+00:00,12,10,Noah,None,3145,20555
883360690899218434,2017-07-07 16:22:55+00:00,13,10,Grizzwald,floofer,3387,21321
882992080364220416,2017-07-06 15:58:11+00:00,13,10,Rusty,None,3562,22460
882762694511734784,2017-07-06 00:46:41+00:00,12,10,Gus,pupper,4475,26588
882627270321602560,2017-07-05 15:48:34+00:00,13,10,Stanley,None,5560,26313
882268110199369728,2017-07-04 16:01:23+00:00,13,10,Alfy,None,10589,42156
882045870035918850,2017-07-04 01:18:17+00:00,13,10,Koko,None,4470,27562
881906580714921986,2017-07-03 16:04:48+00:00,12,10,Rey,None,3111,22879
881666595344535552,2017-07-03 00:11:11+00:00,13,10,Gary,None,9771,47617
881268444196462592,2017-07-01 21:49:04+00:00,12,10,Elliot,None,4822,21852
880935762899988482,2017-06-30 23:47:07+00:00,13,10,Louis,None,2552,16056
880465832366813184,2017-06-29 16:39:47+00:00,12,10,Bella,None,5694,26808
880221127280381952,2017-06-29 00:27:25+00:00,12,10,Jesse,None,3813,25372
879862464715927552,2017-06-28 00:42:13+00:00,13,10,Romeo,None,3205,21043
879492040517615616,2017-06-27 00:10:17+00:00,12,10,Bailey,None,2915,22090
879415818425184262,2017-06-26 19:07:24+00:00,13,10,Duddles,None,40699,99476
879376492567855104,2017-06-26 16:31:08+00:00,12,10,Jack,None,2864,15813
879130579576475649,2017-06-26 00:13:58+00:00,14,10,Emmy,None,6233,0
879050749262655488,2017-06-25 18:56:45+00:00,11,10,Steven,None,4299,21210
879008229531029506,2017-06-25 16:07:47+00:00,13,10,Beau,None,2462,17883
878776093423087618,2017-06-25 00:45:22+00:00,13,10,Snoopy,puppo,3747,18215
878404777348136964,2017-06-24 00:09:53+00:00,13,10,Shadow,None,1181,0
878316110768087041,2017-06-23 18:17:33+00:00,11,10,Terrance,None,6109,0
878281511006478336,2017-06-23 16:00:04+00:00,13,10,Shadow,None,1181,7281
878057613040115712,2017-06-23 01:10:23+00:00,14,10,Emmy,None,6233,39638
877736472329191424,2017-06-22 03:54:17+00:00,13,10,Aja,None,17384,74687
877556246731214848,2017-06-21 15:58:08+00:00,12,10,Penny,None,3495,21394
877316821321428993,2017-06-21 00:06:44+00:00,13,10,Dante,None,4774,25809
877201837425926144,2017-06-20 16:29:50+00:00,12,10,Nelly,None,5121,25517
876838120628539392,2017-06-19 16:24:33+00:00,12,10,Ginger,pupper,3062,19499
876484053909872640,2017-06-18 16:57:37+00:00,13,10,Benedict,None,2180,17688
876120275196170240,2017-06-17 16:52:05+00:00,13,10,Venti,None,4293,26375
875747767867523072,2017-06-16 16:11:53+00:00,13,10,Goose,None,3925,23724
875144289856114688,2017-06-15 00:13:52+00:00,13,10,Nugget,None,4513,20659
874680097055178752,2017-06-13 17:29:20+00:00,12,10,Cash,None,4264,26235
874434818259525634,2017-06-13 01:14:41+00:00,12,10,Coco,None,13382,0
874296783580663808,2017-06-12 16:06:11+00:00,13,10,Jed,pupper,3780,24588
874012996292530176,2017-06-11 21:18:31+00:00,13,10,Sebastian,puppo,9449,32388
873337748698140672,2017-06-10 00:35:19+00:00,12,10,Sierra,pupper,1473,0
873213775632977920,2017-06-09 16:22:42+00:00,12,10,Sierra,pupper,1473,6774
872620804844003328,2017-06-08 01:06:27+00:00,13,10,Monkey,None,3368,19592
872122724285648897,2017-06-06 16:07:15+00:00,12,10,Kody,None,7486,32486
871879754684805121,2017-06-06 00:01:46+00:00,13,10,Lassie,None,10173,35586
871762521631449091,2017-06-05 16:15:56+00:00,12,10,Rover,pupper,3233,19157
871515927908634625,2017-06-04 23:56:03+00:00,12,10,Napolean,doggo,3222,19121
871166179821445120,2017-06-04 00:46:17+00:00,12,10,Dawn,None,5291,0
871032628920680449,2017-06-03 15:55:36+00:00,13,10,Boomer,None,3551,21563
870656317836468226,2017-06-02 15:00:16+00:00,13,10,Cody,None,2454,11739
870374049280663552,2017-06-01 20:18:38+00:00,13,10,Zoey,None,24594,78712
870308999962521604,2017-06-01 16:00:09+00:00,13,10,Rumble,None,3864,20805
870063196459192321,2017-05-31 23:43:25+00:00,14,10,Clifford,None,7736,34694
869772420881756160,2017-05-31 04:27:59+00:00,13,10,Dewey,None,9405,40406
869702957897576449,2017-05-30 23:51:58+00:00,13,10,Stanley,None,5869,26848
869596645499047938,2017-05-30 16:49:31+00:00,12,10,Scout,doggo,2908,15177
869227993411051520,2017-05-29 16:24:37+00:00,13,10,Gizmo,None,3525,19421
868880397819494401,2017-05-28 17:23:24+00:00,14,10,Walter,None,13463,62230
868639477480148993,2017-05-28 01:26:04+00:00,12,10,Cooper,None,1938,0
868552278524837888,2017-05-27 19:39:34+00:00,12,10,Cooper,None,1938,9604
867774946302451713,2017-05-25 16:10:44+00:00,13,10,Harold,None,6876,32391
867421006826221569,2017-05-24 16:44:18+00:00,12,10,Shikha,puppo,2330,15343
866686824827068416,2017-05-22 16:06:55+00:00,12,10,Lili,None,3274,18414
866450705531457537,2017-05-22 00:28:40+00:00,13,10,Jamesy,pupper,33043,116681
866334964761202691,2017-05-21 16:48:45+00:00,12,10,Coco,None,13382,50065
865718153858494464,2017-05-19 23:57:46+00:00,13,10,Boomer,None,5282,24522
865359393868664832,2017-05-19 00:12:11+00:00,13,10,Sammy,None,4708,25309
865006731092295680,2017-05-18 00:50:50+00:00,13,10,Nelly,None,7238,26801
864279568663928832,2017-05-16 00:41:21+00:00,12,10,Meatball,None,2843,13954
864197398364647424,2017-05-15 19:14:50+00:00,13,10,Paisley,None,8332,28737
863907417377173506,2017-05-15 00:02:33+00:00,13,10,Albus,None,3901,19740
863553081350529029,2017-05-14 00:34:33+00:00,13,10,Neptune,None,3949,14633
863471782782697472,2017-05-13 19:11:30+00:00,13,10,Quinn,None,2293,0
863432100342583297,2017-05-13 16:33:49+00:00,12,10,Belle,None,4949,22802
863062471531167744,2017-05-12 16:05:02+00:00,13,10,Quinn,None,2293,8125
862831371563274240,2017-05-12 00:46:44+00:00,13,10,Zooey,None,4861,18415
862722525377298433,2017-05-11 17:34:13+00:00,11,10,Dave,None,3343,16411
862457590147678208,2017-05-11 00:01:27+00:00,13,10,Jersey,None,4662,19647
861383897657036800,2017-05-08 00:54:59+00:00,13,10,Hobbes,None,10142,34683
861005113778896900,2017-05-06 23:49:50+00:00,12,10,Burt,None,3616,16061
860981674716409858,2017-05-06 22:16:42+00:00,13,10,Lorenzo,None,2037,0
860563773140209665,2017-05-05 18:36:06+00:00,13,10,Lorenzo,None,2037,7209
860524505164394496,2017-05-05 16:00:04+00:00,13,10,Carl,None,5044,22748
860276583193509888,2017-05-04 23:34:55+00:00,12,10,Jordy,None,3330,17702
859924526012018688,2017-05-04 00:15:58+00:00,12,10,Milky,None,3901,18874
859851578198683649,2017-05-03 19:26:06+00:00,13,10,Trooper,None,3339,14877
859196978902773760,2017-05-02 00:04:57+00:00,12,10,quite,None,28718,86712
858860390427611136,2017-05-01 01:47:28+00:00,12,10,Winston,None,7746,0
858471635011153920,2017-04-30 00:02:42+00:00,13,10,Sophie,None,4638,20786
858107933456039936,2017-04-28 23:57:28+00:00,12,10,Wyatt,None,2779,15236
857989990357356544,2017-04-28 16:08:49+00:00,12,10,Rosie,None,2481,15573
857746408056729600,2017-04-28 00:00:54+00:00,13,10,Thor,None,10173,33161
857263160327368704,2017-04-26 16:00:39+00:00,13,10,Oscar,None,4330,19434
857029823797047296,2017-04-26 00:33:27+00:00,12,10,Zeke,None,3822,18294
856543823941562368,2017-04-24 16:22:16+00:00,12,10,Callie,None,2773,15853
856282028240666624,2017-04-23 23:01:59+00:00,14,10,Cermet,None,6052,26969
855459453768019968,2017-04-21 16:33:22+00:00,12,10,quite,None,7941,29068
855245323840757760,2017-04-21 02:22:29+00:00,12,10,George,None,5764,0
854732716440526848,2017-04-19 16:25:34+00:00,12,10,Marlee,None,5873,22225
854482394044301312,2017-04-18 23:50:52+00:00,13,10,Arya,None,6662,28623
854365224396361728,2017-04-18 16:05:17+00:00,13,10,Einstein,None,4543,18456
853760880890318849,2017-04-17 00:03:50+00:00,12,10,Alice,None,5578,27982
853299958564483072,2017-04-15 17:32:18+00:00,13,10,Rumpole,None,3461,15181
852912242202992640,2017-04-14 15:51:39+00:00,12,10,Benny,None,1769,8869
852672615818899456,2017-04-13 23:59:28+00:00,12,10,Aspen,None,2105,14633
852553447878664193,2017-04-13 16:05:56+00:00,13,10,Jarod,None,3385,16014
852311364735569921,2017-04-13 00:03:59+00:00,13,10,Wiggles,None,9713,32567
852226086759018497,2017-04-12 18:25:07+00:00,14,10,General,None,6688,19639
852189679701164033,2017-04-12 16:00:27+00:00,12,10,Sailor,None,1554,11272
851464819735769094,2017-04-10 16:00:07+00:00,14,10,Iggy,None,6910,23894
851224888060895234,2017-04-10 00:06:42+00:00,13,10,Snoop,None,5618,20374
850753642995093505,2017-04-08 16:54:09+00:00,11,10,Kyle,None,8963,30373
850380195714523136,2017-04-07 16:10:12+00:00,13,10,Leo,None,2563,12919
850145622816686080,2017-04-07 00:38:06+00:00,11,10,Riley,None,3724,16119
850019790995546112,2017-04-06 16:18:05+00:00,12,10,Boomer,pupper,4787,20156
849668094696017920,2017-04-05 17:00:34+00:00,12,10,Gidget,pupper,4873,0
849412302885593088,2017-04-05 00:04:08+00:00,12,10,Noosh,None,3105,15681
849051919805034497,2017-04-04 00:12:06+00:00,13,10,Kevin,None,8348,41872
848324959059550208,2017-04-02 00:03:26+00:00,12,10,Odin,None,4552,24458
847978865427394560,2017-04-01 01:08:10+00:00,11,10,Charlie,None,3215,0
847962785489326080,2017-04-01 00:04:17+00:00,10,10,Georgie,None,5014,23291
847842811428974592,2017-03-31 16:07:33+00:00,12,10,Rontu,None,1316,5396
847606175596138505,2017-03-31 00:27:14+00:00,12,10,Cannon,None,3384,18606
847251039262605312,2017-03-30 00:56:03+00:00,12,10,Furzey,None,4264,20336
847157206088847362,2017-03-29 18:43:12+00:00,11,10,Daisy,None,5779,19728
846874817362120707,2017-03-29 00:01:05+00:00,13,10,Tuck,None,3885,19934
846514051647705089,2017-03-28 00:07:32+00:00,13,10,Barney,doggo,11434,44298
846153765933735936,2017-03-27 00:15:53+00:00,13,10,Vixen,None,8954,31419
846042936437604353,2017-03-26 16:55:29+00:00,12,10,Jarvis,None,2834,15885
845397057150107648,2017-03-24 22:08:59+00:00,13,10,Mimosa,doggo,1789,7596
845306882940190720,2017-03-24 16:10:40+00:00,12,10,Pickles,pupper,5344,23223
845098359547420673,2017-03-24 02:22:04+00:00,12,10,Bungalo,None,7586,0
844973813909606400,2017-03-23 18:07:10+00:00,12,10,Brady,None,3165,15009
844580511645339650,2017-03-22 16:04:20+00:00,11,10,Charlie,None,3100,16398
844223788422217728,2017-03-21 16:26:50+00:00,12,10,Margo,None,2183,13591
843856843873095681,2017-03-20 16:08:44+00:00,12,10,Sadie,None,4588,21385
843604394117681152,2017-03-19 23:25:35+00:00,11,10,Hank,None,2728,16834
843235543001513987,2017-03-18 22:59:54+00:00,13,10,Tycho,None,5988,21453
842846295480000512,2017-03-17 21:13:10+00:00,13,10,Charlie,None,3620,15246
842765311967449089,2017-03-17 15:51:22+00:00,12,10,Indie,None,1277,6718
842535590457499648,2017-03-17 00:38:32+00:00,13,10,Winnie,None,3487,18061
842163532590374912,2017-03-16 00:00:07+00:00,12,10,George,None,5764,24420
842115215311396866,2017-03-15 20:48:07+00:00,12,10,Bentley,None,3018,13957
841833993020538882,2017-03-15 02:10:39+00:00,13,10,Ken,None,15033,0
841680585030541313,2017-03-14 16:01:03+00:00,12,10,Penny,None,7779,25690
841314665196081154,2017-03-13 15:47:01+00:00,13,10,Max,None,4639,15823
841077006473256960,2017-03-13 00:02:39+00:00,12,10,Dawn,None,5291,22857
840761248237133825,2017-03-12 03:07:56+00:00,12,10,Maddie,None,1764,0
840728873075638272,2017-03-12 00:59:17+00:00,12,10,Pipsy,None,16101,0
840632337062862849,2017-03-11 18:35:42+00:00,12,10,Maddie,None,1764,9004
840268004936019968,2017-03-10 18:27:58+00:00,12,10,Monty,None,5725,19268
839990271299457024,2017-03-10 00:04:21+00:00,13,10,Sojourner,None,2275,13430
839549326359670784,2017-03-08 18:52:12+00:00,12,10,Winston,None,7746,27493
839239871831150596,2017-03-07 22:22:32+00:00,13,10,Odie,None,6530,27151
838921590096166913,2017-03-07 01:17:48+00:00,13,10,Arlo,None,2066,11184
838831947270979586,2017-03-06 19:21:35+00:00,13,10,Riley,None,11008,0
838561493054533637,2017-03-06 01:26:54+00:00,13,10,Walter,None,1338,10964
838476387338051585,2017-03-05 19:48:43+00:00,13,10,Stanley,None,4776,22554
838201503651401729,2017-03-05 01:36:26+00:00,13,10,Sunny,None,10074,0
838083903487373313,2017-03-04 17:49:08+00:00,13,10,Daisy,None,3139,17679
837482249356513284,2017-03-03 01:58:22+00:00,13,10,Waffles,None,443,3856
837471256429613056,2017-03-03 01:14:41+00:00,12,10,Vincent,None,2278,12849
837110210464448512,2017-03-02 01:20:01+00:00,13,10,Clark,pupper,2370,16117
836989968035819520,2017-03-01 17:22:13+00:00,12,10,Mookie,None,2293,12813
836753516572119041,2017-03-01 01:42:39+00:00,12,10,Meera,doggo,4653,19387
836677758902222849,2017-02-28 20:41:37+00:00,11,10,Oliver,None,2232,12654
836397794269200385,2017-02-28 02:09:08+00:00,13,10,Buddy,None,27592,0
836380477523124226,2017-02-28 01:00:19+00:00,12,10,Ava,pupper,2999,14816
836260088725786625,2017-02-27 17:01:56+00:00,13,10,Lucy,None,4314,21393
835685285446955009,2017-02-26 02:57:52+00:00,12,10,Rory,None,8163,0
835574547218894849,2017-02-25 19:37:50+00:00,11,10,Eli,None,3638,17867
835536468978302976,2017-02-25 17:06:32+00:00,12,10,Lola,None,1706,0
835297930240217089,2017-02-25 01:18:40+00:00,12,10,Ash,None,3029,16547
835264098648616962,2017-02-24 23:04:14+00:00,12,10,Lola,None,1706,7775
834931633769889797,2017-02-24 01:03:08+00:00,12,10,Tucker,None,1651,10859
834786237630337024,2017-02-23 15:25:23+00:00,13,10,Tobi,None,5524,21454
834477809192075265,2017-02-22 18:59:48+00:00,12,10,Leo,None,10709,0
834458053273591808,2017-02-22 17:41:18+00:00,12,10,Chester,None,1694,9677
834209720923721728,2017-02-22 01:14:30+00:00,12,10,Wilson,None,4779,20716
834167344700198914,2017-02-21 22:26:07+00:00,11,10,Sunshine,None,3682,15918
834086379323871233,2017-02-21 17:04:24+00:00,12,10,Lipton,None,2222,13150
833863086058651648,2017-02-21 02:17:06+00:00,12,10,Bentley,None,2421,13501
833826103416520705,2017-02-20 23:50:09+00:00,13,10,Charlie,None,3799,18165
833732339549220864,2017-02-20 17:37:34+00:00,12,10,Gabby,None,222,0
833722901757046785,2017-02-20 17:00:04+00:00,13,10,Bronte,None,3243,20929
833479644947025920,2017-02-20 00:53:27+00:00,13,10,Poppy,None,2066,14936
833124694597443584,2017-02-19 01:23:00+00:00,12,10,Gidget,pupper,4873,20335
832998151111966721,2017-02-18 17:00:10+00:00,13,10,Rhino,doggo,2217,13358
832757312314028032,2017-02-18 01:03:09+00:00,13,10,Willow,None,3654,16969
832645525019123713,2017-02-17 17:38:57+00:00,10,10,not,None,535,2954
832636094638288896,2017-02-17 17:01:29+00:00,12,10,Orion,None,2813,15963
832397543355072512,2017-02-17 01:13:34+00:00,12,10,Eevee,None,2234,12045
832369877331693569,2017-02-16 23:23:38+00:00,11,10,Charlie,None,3215,17300
832273440279240704,2017-02-16 17:00:25+00:00,14,10,Smiley,doggo,2356,11431
832215909146226688,2017-02-16 13:11:49+00:00,75,10,Logan,None,6250,0
832215726631055365,2017-02-16 13:11:05+00:00,13,10,Moreton,None,9410,0
832040443403784192,2017-02-16 01:34:34+00:00,12,10,Klein,None,9697,0
832032802820481025,2017-02-16 01:04:13+00:00,12,10,Miguel,doggo,4698,18006
831939777352105988,2017-02-15 18:54:34+00:00,12,10,Emanuel,doggo,6189,24195
831911600680497154,2017-02-15 17:02:36+00:00,14,10,Kuyu,None,6561,27821
831670449226514432,2017-02-15 01:04:21+00:00,13,10,Daisy,None,1840,10528
831552930092285952,2017-02-14 17:17:22+00:00,13,10,Dutch,None,2332,9055
831322785565769729,2017-02-14 02:02:51+00:00,12,10,Pete,doggo,1564,9346
831309418084069378,2017-02-14 01:09:44+00:00,12,10,Scooter,None,2483,11854
831262627380748289,2017-02-13 22:03:49+00:00,12,10,Tucker,None,2066,12012
830956169170665475,2017-02-13 01:46:03+00:00,12,10,Reggie,None,1511,8050
830583320585068544,2017-02-12 01:04:29+00:00,13,10,Lilly,None,16939,67444
830173239259324417,2017-02-10 21:54:58+00:00,12,10,Kyro,None,5738,0
830097400375152640,2017-02-10 16:53:37+00:00,13,10,Samson,None,2980,9898
829878982036299777,2017-02-10 02:25:42+00:00,12,10,Loki,doggo,5076,0
829861396166877184,2017-02-10 01:15:49+00:00,12,10,Mia,None,1970,12337
829501995190984704,2017-02-09 01:27:41+00:00,12,10,Leo,None,10709,32056
829141528400556032,2017-02-08 01:35:19+00:00,12,10,Malcolm,None,7436,24636
829011960981237760,2017-02-07 17:00:28+00:00,13,10,Dexter,None,16466,53604
828801551087042563,2017-02-07 03:04:22+00:00,12,10,Gus,None,3451,0
828770345708580865,2017-02-07 01:00:22+00:00,13,10,Alfie,None,5932,25833
828708714936930305,2017-02-06 20:55:28+00:00,10,10,Fiona,None,11300,36862
828650029636317184,2017-02-06 17:02:17+00:00,14,10,one,None,1364,9609
828409743546925057,2017-02-06 01:07:28+00:00,12,10,Mutt,None,1177,6411
828408677031882754,2017-02-06 01:03:14+00:00,12,10,Bear,None,1305,7750
828381636999917570,2017-02-05 23:15:47+00:00,14,10,Doobert,doggo,2236,12715
828376505180889089,2017-02-05 22:55:23+00:00,13,10,Beebop,None,1083,7453
828372645993398273,2017-02-05 22:40:03+00:00,12,10,Alexander,None,2975,12681
828046555563323392,2017-02-05 01:04:17+00:00,13,10,Sailer,None,2907,11879
828011680017821696,2017-02-04 22:45:42+00:00,11,10,Brutus,None,2169,10460
827933404142436356,2017-02-04 17:34:40+00:00,12,10,Kona,pupper,5310,20323
827653905312006145,2017-02-03 23:04:02+00:00,12,10,Boots,None,3052,15655
827600520311402496,2017-02-03 19:31:54+00:00,13,10,Tucker,None,955,7521
827324948884643840,2017-02-03 01:16:53+00:00,12,10,Ralphie,None,3097,16033
827199976799354881,2017-02-02 17:00:17+00:00,13,10,Charlie,None,2249,10693
826958653328592898,2017-02-02 01:01:21+00:00,12,10,Loki,doggo,5076,21818
826848821049180160,2017-02-01 17:44:55+00:00,13,10,Cupid,doggo,10302,36775
826598365270007810,2017-02-01 01:09:42+00:00,13,10,Pawnd,None,2375,10157
826476773533745153,2017-01-31 17:06:32+00:00,12,10,Pilot,doggo,4248,18626
826115272272650244,2017-01-30 17:10:04+00:00,13,10,Ike,None,3177,15840
825876512159186944,2017-01-30 01:21:19+00:00,11,10,Mo,None,1898,10599
825829644528148480,2017-01-29 22:15:05+00:00,12,10,Toby,None,2522,12878
825147591692263424,2017-01-28 01:04:51+00:00,13,10,Sweet,None,4605,18534
825120256414846976,2017-01-27 23:16:13+00:00,12,10,Pablo,puppo,1279,0
825026590719483904,2017-01-27 17:04:02+00:00,12,10,Pablo,puppo,1279,6387
824796380199809024,2017-01-27 01:49:15+00:00,11,10,Bailey,None,5571,0
824775126675836928,2017-01-27 00:24:48+00:00,12,10,Scooter,None,3570,15133
824663926340194305,2017-01-26 17:02:56+00:00,13,10,Wilson,None,1768,10224
824297048279236611,2017-01-25 16:45:05+00:00,11,10,Nala,None,3924,15251
823939628516474880,2017-01-24 17:04:50+00:00,12,10,Cash,None,2750,10760
823719002937630720,2017-01-24 02:28:08+00:00,12,10,Balto,None,11368,0
823699002998870016,2017-01-24 01:08:40+00:00,12,10,Winston,None,2555,14168
823581115634085888,2017-01-23 17:20:14+00:00,11,10,Crawford,None,2664,13206
823322678127919110,2017-01-23 00:13:17+00:00,11,10,Wyatt,None,4091,15944
822975315408461824,2017-01-22 01:12:59+00:00,12,10,Albus,None,3504,17535
822859134160621569,2017-01-21 17:31:20+00:00,12,10,Hobbes,None,2321,13473
822647212903690241,2017-01-21 03:29:14+00:00,13,10,Paisley,None,6514,0
822489057087389700,2017-01-20 17:00:46+00:00,13,10,Paisley,None,6514,18402
822462944365645825,2017-01-20 15:17:01+00:00,14,10,Gabe,pupper,14571,28470
822163064745328640,2017-01-19 19:25:24+00:00,11,10,Mattie,None,4858,0
821886076407029760,2017-01-19 01:04:45+00:00,13,10,Jimison,None,2352,11483
821813639212650496,2017-01-18 20:16:54+00:00,12,10,Hercules,None,3410,0
821765923262631936,2017-01-18 17:07:18+00:00,13,10,Duchess,doggo,1683,8544
821522889702862852,2017-01-18 01:01:34+00:00,13,10,Harlso,None,1796,8150
821421320206483457,2017-01-17 18:17:58+00:00,12,10,Sampson,doggo,5692,0
821407182352777218,2017-01-17 17:21:47+00:00,14,10,Sundance,doggo,4418,11966
821149554670182400,2017-01-17 00:18:04+00:00,12,10,Luca,None,2028,8779
821044531881721856,2017-01-16 17:20:45+00:00,12,10,Flash,None,2322,12845
820837357901512704,2017-01-16 03:37:31+00:00,12,10,Finn,None,6857,0
820749716845686786,2017-01-15 21:49:15+00:00,13,10,Sunny,None,10074,32061
820446719150292993,2017-01-15 01:45:15+00:00,13,10,Peaches,None,2615,0
820013781606658049,2017-01-13 21:04:55+00:00,13,10,Oliver,puppo,1200,0
819952236453363712,2017-01-13 17:00:21+00:00,13,10,Oliver,puppo,1200,5411
819711362133872643,2017-01-13 01:03:12+00:00,11,10,Howie,None,3170,13607
819588359383371776,2017-01-12 16:54:26+00:00,13,10,Jazzy,None,2026,9796
819347104292290561,2017-01-12 00:55:47+00:00,12,10,Anna,None,1230,7332
819227688460238848,2017-01-11 17:01:16+00:00,12,10,Finn,None,6857,23457
819015337530290176,2017-01-11 02:57:27+00:00,14,10,Bo,doggo,37526,0
819015331746349057,2017-01-11 02:57:26+00:00,14,10,Sunny,doggo,19298,0
819006400881917954,2017-01-11 02:21:57+00:00,14,10,Sunny,doggo,19298,45997
819004803107983360,2017-01-11 02:15:36+00:00,14,10,Bo,doggo,37526,88278
818646164899774465,2017-01-10 02:30:30+00:00,11,10,Seamus,None,21406,0
818627210458333184,2017-01-10 01:15:10+00:00,13,10,Wafer,None,7681,22779
818614493328580609,2017-01-10 00:24:38+00:00,12,10,Bear,None,2613,10008
818588835076603904,2017-01-09 22:42:41+00:00,11,10,Chelsea,pupper,6272,0
818536468981415936,2017-01-09 19:14:36+00:00,11,10,Tom,None,2513,11083
818307523543449600,2017-01-09 04:04:51+00:00,13,10,Moose,None,8254,0
818259473185828864,2017-01-09 00:53:55+00:00,12,10,Florence,None,2317,11219
818145370475810820,2017-01-08 17:20:31+00:00,11,10,Autumn,None,2618,12507
817827839487737858,2017-01-07 20:18:46+00:00,13,10,Buddy,None,27592,52600
817777686764523521,2017-01-07 16:59:28+00:00,13,10,Dido,doggo,2745,10924
817777686764523521,2017-01-07 16:59:28+00:00,13,10,Dido,pupper,2745,10924
817536400337801217,2017-01-07 01:00:41+00:00,12,10,Eugene,None,3028,11966
817423860136083457,2017-01-06 17:33:29+00:00,13,10,Ken,None,15033,34471
817415592588222464,2017-01-06 17:00:38+00:00,11,10,Strudel,None,972,5700
817171292965273600,2017-01-06 00:49:53+00:00,13,10,Tebow,None,2064,8928
817056546584727552,2017-01-05 17:13:55+00:00,11,10,Chloe,None,1678,8743
816829038950027264,2017-01-05 02:09:53+00:00,12,10,Betty,puppo,4804,0
816816676327063552,2017-01-05 01:20:46+00:00,12,10,Timber,None,2078,10199
816697700272001025,2017-01-04 17:27:59+00:00,12,10,Binky,None,2239,9979
816450570814898180,2017-01-04 01:05:59+00:00,13,10,Moose,None,8254,31021
816336735214911488,2017-01-03 17:33:39+00:00,11,10,Dudley,None,1984,8754
816091915477250048,2017-01-03 01:20:49+00:00,12,10,Comet,None,2186,9085
816062466425819140,2017-01-02 23:23:48+00:00,11,10,Jack,None,1048,0
816014286006976512,2017-01-02 20:12:21+00:00,11,10,Larry,None,5391,0
815990720817401858,2017-01-02 18:38:42+00:00,11,10,Jack,None,1048,5047
815745968457060357,2017-01-02 02:26:09+00:00,12,10,Levi,None,4226,0
815736392542261248,2017-01-02 01:48:06+00:00,11,10,Akumi,None,2319,10036
815639385530101762,2017-01-01 19:22:38+00:00,12,10,Titan,None,1680,8375
814986499976527872,2016-12-31 00:08:17+00:00,11,10,Cooper,pupper,1302,7795
814638523311648768,2016-12-30 01:05:33+00:00,12,10,Olivia,None,2762,11484
814530161257443328,2016-12-29 17:54:58+00:00,12,10,Alf,None,1906,8819
814153002265309185,2016-12-28 16:56:16+00:00,12,10,Oshie,None,8876,29354
813944609378369540,2016-12-28 03:08:11+00:00,11,10,Bruce,None,3253,0
813910438903693312,2016-12-28 00:52:25+00:00,11,10,Chubbs,doggo,1909,9482
813812741911748608,2016-12-27 18:24:12+00:00,14,10,Gary,None,14294,37145
813800681631023104,2016-12-27 17:36:16+00:00,12,10,Sky,None,1805,8486
813217897535406080,2016-12-26 03:00:30+00:00,13,10,Atlas,None,7456,19010
813172488309972993,2016-12-26 00:00:03+00:00,12,10,Eleanor,None,1970,9460
813157409116065792,2016-12-25 23:00:08+00:00,12,10,Layla,None,2267,7931
813112105746448384,2016-12-25 20:00:07+00:00,12,10,Toby,None,2804,10529
813096984823349248,2016-12-25 19:00:02+00:00,11,10,Rocky,doggo,3698,10774
813081950185472002,2016-12-25 18:00:17+00:00,11,10,Baron,None,2835,10096
813066809284972545,2016-12-25 17:00:08+00:00,12,10,Tyr,None,2000,8128
813051746834595840,2016-12-25 16:00:16+00:00,13,10,Bauer,None,7534,21415
812781120811126785,2016-12-24 22:04:54+00:00,10,10,Swagger,None,1952,7736
812709060537683968,2016-12-24 17:18:34+00:00,12,10,Brandi,None,1465,6755
812466873996607488,2016-12-24 01:16:12+00:00,12,10,Mary,None,1981,8136
812372279581671427,2016-12-23 19:00:19+00:00,13,10,Moe,None,3748,13946
811985624773361665,2016-12-22 17:23:53+00:00,11,10,Ted,None,1436,7416
811744202451197953,2016-12-22 01:24:33+00:00,13,10,Halo,None,1637,7703
811627233043480576,2016-12-21 17:39:46+00:00,10,10,Augie,None,3155,13046
811386762094317568,2016-12-21 01:44:13+00:00,11,10,Craig,pupper,6533,21372
810896069567610880,2016-12-19 17:14:23+00:00,11,10,Hunter,None,1811,9216
810657578271330305,2016-12-19 01:26:42+00:00,11,10,Pavlov,None,2718,11212
810284430598270976,2016-12-18 00:43:57+00:00,13,10,Phil,None,11579,36052
810254108431155201,2016-12-17 22:43:27+00:00,12,10,Gus,None,3451,15024
809808892968534016,2016-12-16 17:14:20+00:00,12,10,Maximus,None,5018,0
809220051211603969,2016-12-15 02:14:29+00:00,12,10,Kyro,None,5738,20362
809084759137812480,2016-12-14 17:16:53+00:00,11,10,Wallace,None,3611,13535
808838249661788160,2016-12-14 00:57:20+00:00,13,10,Ito,None,3123,10337
808501579447930884,2016-12-13 02:39:32+00:00,12,10,Koda,None,2672,11547
808344865868283904,2016-12-12 16:16:49+00:00,11,10,Seamus,None,21406,43527
808134635716833280,2016-12-12 02:21:26+00:00,13,10,Milo,None,6084,0
808001312164028416,2016-12-11 17:31:39+00:00,12,10,Cooper,None,3619,12818
807621403335917568,2016-12-10 16:22:02+00:00,14,10,Ollie,pupper,3723,14898
807106840509214720,2016-12-09 06:17:20+00:00,13,10,Stephan,None,56891,120977
807059379405148160,2016-12-09 03:08:45+00:00,12,10,Cali,None,7527,0
807010152071229440,2016-12-08 23:53:08+00:00,12,10,Lennon,None,3954,13363
806542213899489280,2016-12-07 16:53:43+00:00,11,10,Waffles,None,2416,10454
806242860592926720,2016-12-06 21:04:11+00:00,12,10,Dave,None,11933,0
806219024703037440,2016-12-06 19:29:28+00:00,11,10,incredibly,None,1221,6580
805958939288408065,2016-12-06 02:15:59+00:00,10,10,Penny,None,5501,0
805932879469572096,2016-12-06 00:32:26+00:00,12,10,Major,None,1967,8464
805826884734976000,2016-12-05 17:31:15+00:00,12,10,Duke,None,1878,6720
805823200554876929,2016-12-05 17:16:37+00:00,12,10,Reginald,puppo,8239,0
805520635690676224,2016-12-04 21:14:20+00:00,13,10,Zeke,None,1704,5880
805487436403003392,2016-12-04 19:02:24+00:00,12,10,Sansa,None,2582,8984
805207613751304193,2016-12-04 00:30:29+00:00,12,10,Shooter,None,1757,8008
804738756058218496,2016-12-02 17:27:25+00:00,12,10,Django,None,3918,13998
804413760345620481,2016-12-01 19:56:00+00:00,13,10,Rusty,None,3318,0
804026241225523202,2016-11-30 18:16:08+00:00,13,10,Bo,None,16579,45502
803773340896923648,2016-11-30 01:31:12+00:00,12,10,Diogi,puppo,2820,10301
803380650405482500,2016-11-28 23:30:47+00:00,12,10,Sonny,None,1909,7949
803321560782307329,2016-11-28 19:35:59+00:00,11,10,Philbert,None,5462,0
803276597545603072,2016-11-28 16:37:19+00:00,11,10,Winston,None,2521,10262
802952499103731712,2016-11-27 19:09:28+00:00,12,10,Marley,None,2063,9218
802600418706604034,2016-11-26 19:50:26+00:00,11,10,Bailey,None,1509,7267
802572683846291456,2016-11-26 18:00:13+00:00,12,10,Winnie,None,2574,9135
802323869084381190,2016-11-26 01:31:31+00:00,13,10,Severus,None,5987,16593
802239329049477120,2016-11-25 19:55:35+00:00,12,10,Loki,puppo,2690,9290
801958328846974976,2016-11-25 01:18:59+00:00,12,10,Ronnie,None,1755,7925
801538201127157760,2016-11-23 21:29:33+00:00,12,10,Wallace,None,2117,8414
801167903437357056,2016-11-22 20:58:07+00:00,13,10,Milo,None,6084,25044
801127390143516673,2016-11-22 18:17:08+00:00,11,10,Anakin,doggo,4052,0
801115127852503040,2016-11-22 17:28:25+00:00,12,10,Bones,doggo,2158,8268
801115127852503040,2016-11-22 17:28:25+00:00,12,10,Bones,pupper,2158,8268
800751577355128832,2016-11-21 17:23:47+00:00,12,10,Mauve,None,2867,10798
800513324630806528,2016-11-21 01:37:04+00:00,11,10,Chef,None,3066,13432
800443802682937345,2016-11-20 21:00:48+00:00,11,10,Sampson,pupper,4422,0
800388270626521089,2016-11-20 17:20:08+00:00,12,10,Doc,floofer,2878,11406
800188575492947969,2016-11-20 04:06:37+00:00,11,10,Bo,pupper,4043,0
800141422401830912,2016-11-20 00:59:15+00:00,13,10,Peaches,None,2615,15652
799774291445383169,2016-11-19 00:40:24+00:00,13,10,Tucker,None,4814,0
799757965289017345,2016-11-18 23:35:32+00:00,13,10,Sobe,doggo,2218,8592
799422933579902976,2016-11-18 01:24:14+00:00,12,10,Longfellow,None,1972,8240
799297110730567681,2016-11-17 17:04:16+00:00,11,10,Jeffrey,None,2837,10122
799063482566066176,2016-11-17 01:35:54+00:00,11,10,Mister,None,2524,8256
798933969379225600,2016-11-16 17:01:16+00:00,12,10,Iroh,None,4590,13397
798925684722855936,2016-11-16 16:28:21+00:00,11,10,Shadow,None,1479,7658
798705661114773508,2016-11-16 01:54:03+00:00,11,10,Baloo,pupper,6818,0
798697898615730177,2016-11-16 01:23:12+00:00,10,10,Stubert,None,6672,0
798686750113755136,2016-11-16 00:38:54+00:00,11,10,Jack,None,2392,0
798665375516884993,2016-11-15 23:13:58+00:00,10,10,Lola,None,4014,0
798644042770751489,2016-11-15 21:49:12+00:00,10,10,Paull,None,1904,0
798585098161549313,2016-11-15 17:54:59+00:00,10,10,Timison,None,5862,0
798340744599797760,2016-11-15 01:44:00+00:00,11,10,Davey,None,3439,0
798209839306514432,2016-11-14 17:03:50+00:00,13,10,Cooper,None,2624,10667
797545162159308800,2016-11-12 21:02:38+00:00,12,10,Cassie,None,4997,14893
797236660651966464,2016-11-12 00:36:46+00:00,12,10,Pancake,None,6764,20396
796904159865868288,2016-11-11 02:35:32+00:00,11,10,Tyrone,None,9153,0
796865951799083009,2016-11-11 00:03:42+00:00,12,10,Tyr,None,1964,7864
796759840936919040,2016-11-10 17:02:03+00:00,11,10,Romeo,None,3126,12113
796387464403357696,2016-11-09 16:22:22+00:00,12,10,Snicku,None,4262,11260
796177847564038144,2016-11-09 02:29:25+00:00,11,10,Ruby,None,14664,0
796149749086875649,2016-11-09 00:37:46+00:00,11,10,Ruby,None,14664,33013
796080075804475393,2016-11-08 20:00:55+00:00,12,10,Yogi,None,2378,8649
796031486298386433,2016-11-08 16:47:50+00:00,13,10,Daisy,None,3810,11053
795400264262053889,2016-11-06 22:59:35+00:00,12,10,Brody,None,2954,10302
795076730285391872,2016-11-06 01:33:58+00:00,11,10,Bailey,None,5571,16581
794983741416415232,2016-11-05 19:24:28+00:00,12,10,Rizzy,None,3464,0
794926597468000259,2016-11-05 15:37:24+00:00,12,10,Mack,None,2372,10494
794355576146903043,2016-11-04 01:48:22+00:00,12,10,Butter,None,10582,0
794332329137291264,2016-11-04 00:15:59+00:00,12,10,Nimbus,None,2745,9807
794205286408003585,2016-11-03 15:51:10+00:00,14,10,Laika,pupper,3401,9429
793962221541933056,2016-11-02 23:45:19+00:00,12,10,Maximus,None,5018,17220
793845145112371200,2016-11-02 16:00:06+00:00,13,10,Clark,None,1918,9443
793601777308463104,2016-11-01 23:53:02+00:00,12,10,Dobby,None,1671,8168
793500921481273345,2016-11-01 17:12:16+00:00,12,10,Fiona,None,2436,10922
793286476301799424,2016-11-01 03:00:09+00:00,13,10,Moreton,None,9410,25175
793271401113350145,2016-11-01 02:00:14+00:00,12,10,Dave,None,2456,8901
793241302385262592,2016-11-01 00:00:38+00:00,13,10,Tucker,None,3382,10758
793226087023144960,2016-10-31 23:00:11+00:00,11,10,Juno,None,2943,10068
793210959003287553,2016-10-31 22:00:04+00:00,10,10,Maude,None,2871,9129
793195938047070209,2016-10-31 21:00:23+00:00,12,10,Lily,puppo,5779,15645
793180763617361921,2016-10-31 20:00:05+00:00,11,10,Newt,None,2055,7101
793165685325201412,2016-10-31 19:00:10+00:00,12,10,Benji,None,2857,9636
793150605191548928,2016-10-31 18:00:14+00:00,11,10,Nida,None,1744,6322
793120401413079041,2016-10-31 16:00:13+00:00,11,10,Robin,None,4022,12976
792883833364439040,2016-10-31 00:20:11+00:00,12,10,Bailey,None,4380,11567
792773781206999040,2016-10-30 17:02:53+00:00,12,10,Monster,None,1723,7519
792394556390137856,2016-10-29 15:55:58+00:00,12,10,BeBe,None,4405,13769
792050063153438720,2016-10-28 17:07:05+00:00,11,10,Remus,None,1851,7320
791780927877898241,2016-10-27 23:17:38+00:00,11,10,Maddie,None,3916,0
791406955684368384,2016-10-26 22:31:36+00:00,12,10,Levi,None,4226,13431
791312159183634433,2016-10-26 16:14:55+00:00,12,10,Mabel,None,2604,8978
791026214425268224,2016-10-25 21:18:40+00:00,11,10,Alfie,None,4203,0
790987426131050500,2016-10-25 18:44:32+00:00,12,10,Misty,None,2186,10054
790946055508652032,2016-10-25 16:00:09+00:00,12,10,Betty,puppo,4804,17022
790723298204217344,2016-10-25 01:14:59+00:00,12,10,Happy,None,2371,0
790698755171364864,2016-10-24 23:37:28+00:00,12,10,Mosby,None,1977,8409
790581949425475584,2016-10-24 15:53:19+00:00,11,10,Duke,None,7344,21110
790337589677002753,2016-10-23 23:42:19+00:00,12,10,Maggie,None,1925,8007
790277117346975746,2016-10-23 19:42:02+00:00,11,10,Bruce,None,3253,12841
790227638568808452,2016-10-23 16:25:25+00:00,11,10,Leela,None,3657,0
789986466051088384,2016-10-23 00:27:05+00:00,12,10,Happy,None,2371,9466
789960241177853952,2016-10-22 22:42:52+00:00,12,10,Buddy,None,4222,0
789903600034189313,2016-10-22 18:57:48+00:00,13,10,Ralphy,pupper,4230,10591
789628658055020548,2016-10-22 00:45:17+00:00,13,10,Eli,None,1819,7657
789599242079838210,2016-10-21 22:48:24+00:00,12,10,Brownie,None,1973,6910
789530877013393408,2016-10-21 18:16:44+00:00,12,10,Rizzy,None,3464,11988
789280767834746880,2016-10-21 01:42:53+00:00,12,10,Meyer,None,5070,0
789268448748703744,2016-10-21 00:53:56+00:00,10,10,Stella,None,2672,9307
789137962068021249,2016-10-20 16:15:26+00:00,12,10,Bo,None,2870,9931
788908386943430656,2016-10-20 01:03:11+00:00,11,10,Lucy,None,12766,28022
788765914992902144,2016-10-19 15:37:03+00:00,12,10,Butter,None,10582,27951
788552643979468800,2016-10-19 01:29:35+00:00,13,10,mad,pupper,7356,0
788412144018661376,2016-10-18 16:11:17+00:00,11,10,Dexter,None,5402,15895
788150585577050112,2016-10-17 22:51:57+00:00,13,10,Leo,None,1318,6255
788070120937619456,2016-10-17 17:32:13+00:00,11,10,Bo,None,3515,0
787810552592695296,2016-10-17 00:20:47+00:00,11,10,Frank,None,3130,8821
787717603741622272,2016-10-16 18:11:26+00:00,13,10,Tonks,puppo,2852,10475
787397959788929025,2016-10-15 21:01:17+00:00,11,10,Moose,None,2907,11114
787322443945877504,2016-10-15 16:01:13+00:00,10,10,Lincoln,None,1784,7955
787111942498508800,2016-10-15 02:04:45+00:00,12,10,Carl,None,6902,0
786963064373534720,2016-10-14 16:13:10+00:00,12,10,Rory,None,8163,27181
786729988674449408,2016-10-14 00:47:00+00:00,11,10,Oakley,None,2475,0
786709082849828864,2016-10-13 23:23:56+00:00,75,10,Logan,None,6250,18631
786595970293370880,2016-10-13 15:54:28+00:00,11,10,Dale,None,3186,9626
786363235746385920,2016-10-13 00:29:39+00:00,13,10,Rizzo,doggo,3592,11121
786286427768250368,2016-10-12 19:24:27+00:00,12,10,Arnie,None,2911,8138
786233965241827333,2016-10-12 15:55:59+00:00,11,10,Mattie,None,4858,15587
786036967502913536,2016-10-12 02:53:11+00:00,11,10,Scout,None,7188,0
785927819176054784,2016-10-11 19:39:28+00:00,12,10,Lucy,None,3257,11630
785872687017132033,2016-10-11 16:00:24+00:00,12,10,Rusty,None,1861,6834
785639753186217984,2016-10-11 00:34:48+00:00,10,10,Pinot,doggo,2284,7996
785639753186217984,2016-10-11 00:34:48+00:00,10,10,Pinot,pupper,2284,7996
785533386513321988,2016-10-10 17:32:08+00:00,11,10,Dallas,None,2038,9295
785264754247995392,2016-10-09 23:44:41+00:00,12,10,Doc,None,1677,7408
785170936622350336,2016-10-09 17:31:53+00:00,11,10,Hero,None,4943,12289
784826020293709826,2016-10-08 18:41:19+00:00,13,10,Rusty,None,3318,10325
784517518371221505,2016-10-07 22:15:26+00:00,11,10,Frankie,None,2592,9150
784431430411685888,2016-10-07 16:33:21+00:00,12,10,Stormy,None,1299,5812
784183165795655680,2016-10-07 00:06:50+00:00,12,10,Reginald,puppo,8239,20498
784057939640352768,2016-10-06 15:49:14+00:00,12,10,Balto,None,11368,30361
783839966405230592,2016-10-06 01:23:05+00:00,13,10,Riley,None,11008,30617
783821107061198850,2016-10-06 00:08:09+00:00,12,10,Mairi,None,2013,7505
783695101801398276,2016-10-05 15:47:27+00:00,12,10,Loomis,None,3282,10664
783466772167098368,2016-10-05 00:40:09+00:00,11,10,Finn,None,2295,8623
783391753726550016,2016-10-04 19:42:03+00:00,13,10,Godi,None,5604,17204
783347506784731136,2016-10-04 16:46:14+00:00,11,10,Kenny,None,5663,0
783334639985389568,2016-10-04 15:55:06+00:00,12,10,Dave,None,11933,29709
783085703974514689,2016-10-03 23:25:55+00:00,11,10,Earl,None,2243,8307
782969140009107456,2016-10-03 15:42:44+00:00,12,10,Cali,None,7527,24578
782747134529531904,2016-10-03 01:00:34+00:00,11,10,Deacon,doggo,1438,7620
782722598790725632,2016-10-02 23:23:04+00:00,10,10,Penny,None,5501,17611
782598640137187329,2016-10-02 15:10:30+00:00,11,10,Timmy,None,1912,7953
782305867769217024,2016-10-01 19:47:08+00:00,12,10,Sampson,doggo,5692,16968
782021823840026624,2016-10-01 00:58:26+00:00,12,10,Harper,None,6340,0
781955203444699136,2016-09-30 20:33:43+00:00,11,10,Chipson,None,3443,11336
781655249211752448,2016-09-30 00:41:48+00:00,11,10,Combo,doggo,1146,4068
781251288990355457,2016-09-28 21:56:36+00:00,11,10,Oakley,None,2120,8581
780858289093574656,2016-09-27 19:54:58+00:00,10,10,Dash,None,2047,7315
780800785462489090,2016-09-27 16:06:28+00:00,11,10,Koda,None,1326,5591
780601303617732608,2016-09-27 02:53:48+00:00,12,10,Hercules,None,3410,12328
780496263422808064,2016-09-26 19:56:24+00:00,12,10,Bell,None,3773,0
780459368902959104,2016-09-26 17:29:48+00:00,11,10,Bear,None,1099,5388
779834332596887552,2016-09-25 00:06:08+00:00,11,10,Scout,None,7188,19240
779124354206535695,2016-09-23 01:04:56+00:00,11,10,Hurley,None,18674,0
778990705243029504,2016-09-22 16:13:51+00:00,11,10,Jay,None,7354,20322
778748913645780993,2016-09-22 00:13:04+00:00,11,10,Mya,None,1339,7011
778650543019483137,2016-09-21 17:42:10+00:00,10,10,Strider,None,1531,5871
778624900596654080,2016-09-21 16:00:17+00:00,11,10,Penny,None,1027,4718
778396591732486144,2016-09-21 00:53:04+00:00,10,10,an,None,12466,0
778383385161035776,2016-09-21 00:00:35+00:00,13,10,Nala,None,1123,5936
778286810187399168,2016-09-20 17:36:50+00:00,11,10,Stanley,None,3356,10553
778027034220126208,2016-09-20 00:24:34+00:00,27,10,Sophie,pupper,1644,6657
777641927919427584,2016-09-18 22:54:18+00:00,12,10,Arnie,None,4304,0
777621514455814149,2016-09-18 21:33:11+00:00,12,10,Derek,None,2543,8900
777189768882946048,2016-09-17 16:57:35+00:00,12,10,Jeffrey,None,4374,14506
776813020089548800,2016-09-16 16:00:31+00:00,12,10,Solomon,None,1233,4951
776477788987613185,2016-09-15 17:48:25+00:00,11,10,Huck,pupper,2834,8965
776249906839351296,2016-09-15 02:42:54+00:00,11,10,very,None,9300,0
776201521193218049,2016-09-14 23:30:38+00:00,10,10,O,None,2551,9778
776113305656188928,2016-09-14 17:40:06+00:00,11,10,Sampson,pupper,4422,11959
775842724423557120,2016-09-13 23:44:54+00:00,12,10,Blue,None,2699,11904
775733305207554048,2016-09-13 16:30:07+00:00,11,10,Anakin,doggo,4052,14077
775364825476165632,2016-09-12 16:05:54+00:00,11,10,Finley,doggo,3018,7507
775350846108426240,2016-09-12 15:10:21+00:00,12,10,Maximus,None,3965,10319
775085132600442880,2016-09-11 21:34:30+00:00,13,10,Tucker,None,4814,15794
774757898236878852,2016-09-10 23:54:11+00:00,12,10,Finley,None,1819,8728
774639387460112384,2016-09-10 16:03:16+00:00,10,10,Sprinkles,None,1756,6840
773985732834758656,2016-09-08 20:45:53+00:00,11,10,Winnie,pupper,3935,10891
773922284943896577,2016-09-08 16:33:46+00:00,12,10,Heinrich,None,1775,6488
773704687002451968,2016-09-08 02:09:06+00:00,12,10,Loki,None,1652,6695
773670353721753600,2016-09-07 23:52:41+00:00,10,10,Shakespeare,None,1334,5423
773547596996571136,2016-09-07 15:44:53+00:00,11,10,Chelsea,pupper,6272,22427
773336787167145985,2016-09-07 01:47:12+00:00,11,10,Fizz,None,5163,0
773308824254029826,2016-09-06 23:56:05+00:00,12,10,Bungalo,None,7586,23644
773247561583001600,2016-09-06 19:52:39+00:00,10,10,Chip,None,3293,9589
773191612633579521,2016-09-06 16:10:20+00:00,12,10,Grey,None,4208,10130
772826264096874500,2016-09-05 15:58:34+00:00,11,10,Roosevelt,None,2387,8175
772615324260794368,2016-09-05 02:00:22+00:00,10,10,Gromit,None,3434,0
772193107915964416,2016-09-03 22:02:38+00:00,12,10,Willem,pupper,1414,6125
772117678702071809,2016-09-03 17:02:54+00:00,12,10,Jack,None,751,3825
772114945936949249,2016-09-03 16:52:02+00:00,10,10,Finn,None,474,2760
772102971039580160,2016-09-03 16:04:27+00:00,11,10,Penny,None,953,4055
771770456517009408,2016-09-02 18:03:10+00:00,11,10,Davey,None,3439,12168
771500966810099713,2016-09-02 00:12:18+00:00,12,10,Dakota,None,2646,8367
771380798096281600,2016-09-01 16:14:48+00:00,11,10,Fizz,None,5163,10624
771171053431250945,2016-09-01 02:21:21+00:00,11,10,Frankie,None,7593,0
771136648247640064,2016-09-01 00:04:38+00:00,11,10,Dixie,None,2972,9271
771102124360998913,2016-08-31 21:47:27+00:00,12,10,Charlie,None,1461,6329
770787852854652928,2016-08-31 00:58:39+00:00,10,10,Winston,None,1217,4993
770772759874076672,2016-08-30 23:58:40+00:00,11,10,Sebastian,None,1433,5249
770655142660169732,2016-08-30 16:11:18+00:00,11,10,very,None,1794,7433
770414278348247044,2016-08-30 00:14:12+00:00,11,10,Al,None,2126,6398
770293558247038976,2016-08-29 16:14:30+00:00,10,10,Jackson,None,1503,6322
770093767776997377,2016-08-29 03:00:36+00:00,12,10,just,doggo,3099,0
770093767776997377,2016-08-29 03:00:36+00:00,12,10,just,pupper,3099,0
770069151037685760,2016-08-29 01:22:47+00:00,10,10,Carbon,None,2328,7686
769940425801170949,2016-08-28 16:51:16+00:00,12,10,Klein,None,9697,31777
769695466921623552,2016-08-28 00:37:54+00:00,13,10,Titan,None,1697,6487
769212283578875904,2016-08-26 16:37:54+00:00,12,10,DonDon,None,1750,5466
768970937022709760,2016-08-26 00:38:52+00:00,12,10,Kirby,None,6602,14559
768855141948723200,2016-08-25 16:58:45+00:00,11,10,Jesse,None,901,4251
768609597686943744,2016-08-25 00:43:02+00:00,10,10,Lou,None,1219,4173
768596291618299904,2016-08-24 23:50:10+00:00,12,10,Oakley,None,1297,5096
768554158521745409,2016-08-24 21:02:45+00:00,12,10,Nollie,None,5908,0
768473857036525572,2016-08-24 15:43:39+00:00,11,10,Chevy,None,3476,13788
767884188863397888,2016-08-23 00:40:31+00:00,10,10,Tito,None,1401,4797
767754930266464257,2016-08-22 16:06:54+00:00,11,10,Philbert,None,5462,16195
767500508068192258,2016-08-21 23:15:55+00:00,12,10,Louie,None,2370,7588
767122157629476866,2016-08-20 22:12:29+00:00,13,10,Rupert,None,2893,10289
766793450729734144,2016-08-20 00:26:19+00:00,10,10,Rufus,None,1370,5133
766693177336135680,2016-08-19 17:47:52+00:00,11,10,Brudge,None,810,4063
766313316352462849,2016-08-18 16:38:26+00:00,12,10,Oscar,None,1911,6865
766078092750233600,2016-08-18 01:03:45+00:00,12,10,Colby,None,2660,0
766069199026450432,2016-08-18 00:28:24+00:00,12,10,Juno,None,863,4274
766008592277377025,2016-08-17 20:27:34+00:00,11,10,Angel,None,502,3787
765719909049503744,2016-08-17 01:20:27+00:00,12,10,Brat,None,2171,7304
765669560888528897,2016-08-16 22:00:23+00:00,12,10,Tove,None,1240,5242
765395769549590528,2016-08-16 03:52:26+00:00,13,10,my,None,3417,26878
765371061932261376,2016-08-16 02:14:15+00:00,11,10,Louie,pupper,2191,7142
765222098633691136,2016-08-15 16:22:20+00:00,10,10,Gromit,None,3434,11752
764857477905154048,2016-08-14 16:13:27+00:00,12,10,Aubie,None,1795,6514
764259802650378240,2016-08-13 00:38:30+00:00,10,10,Kota,None,1518,6080
763837565564780549,2016-08-11 20:40:41+00:00,11,10,Alfie,None,4203,12729
763103485927849985,2016-08-09 20:03:43+00:00,10,10,Belle,None,2319,7432
762699858130116608,2016-08-08 17:19:51+00:00,11,10,Leela,None,3657,12260
762471784394268675,2016-08-08 02:13:34+00:00,12,10,Glenn,None,6490,11323
762464539388485633,2016-08-08 01:44:46+00:00,12,10,Buddy,None,4222,10402
762316489655476224,2016-08-07 15:56:28+00:00,11,10,Scout,None,1131,4846
761976711479193600,2016-08-06 17:26:19+00:00,12,10,Shelby,None,2032,5462
761599872357261312,2016-08-05 16:28:54+00:00,11,10,Sephie,None,1200,4167
761334018830917632,2016-08-04 22:52:29+00:00,10,10,Bruce,None,1465,5242
761292947749015552,2016-08-04 20:09:17+00:00,11,10,Bonaparte,None,1095,4527
761227390836215808,2016-08-04 15:48:47+00:00,10,10,Albert,None,1584,5369
761004547850530816,2016-08-04 01:03:17+00:00,11,10,Bo,None,3515,11441
760893934457552897,2016-08-03 17:43:45+00:00,11,10,Wishes,doggo,987,3848
760656994973933572,2016-08-03 02:02:14+00:00,11,10,Rose,None,1929,6648
760641137271070720,2016-08-03 00:59:13+00:00,12,10,Theo,None,1314,5014
760539183865880579,2016-08-02 18:14:06+00:00,12,10,Atlas,None,3663,7633
760290219849637889,2016-08-02 01:44:48+00:00,13,10,Rocco,None,11621,27058
760190180481531904,2016-08-01 19:07:17+00:00,10,10,Sadie,None,1821,5740
759846353224826880,2016-07-31 20:21:02+00:00,11,10,Kirby,None,1998,6789
759793422261743616,2016-07-31 16:50:42+00:00,12,10,Maggie,doggo,1934,6020
759793422261743616,2016-07-31 16:50:42+00:00,12,10,Maggie,pupper,1934,6020
759557299618865152,2016-07-31 01:12:26+00:00,10,10,Emma,None,1197,4741
759447681597108224,2016-07-30 17:56:51+00:00,11,10,Oakley,None,2475,8559
759197388317847553,2016-07-30 01:22:17+00:00,12,10,Luna,None,1963,6128
759047813560868866,2016-07-29 15:27:55+00:00,11,10,Spencer,None,2041,6549
758854675097526272,2016-07-29 02:40:28+00:00,11,10,Lilli,None,906,3585
758740312047005698,2016-07-28 19:06:01+00:00,12,10,Boston,None,1625,5785
758474966123810816,2016-07-28 01:31:38+00:00,11,10,Brandonald,None,1011,3844
758405701903519748,2016-07-27 20:56:24+00:00,10,10,Odie,None,1927,5244
758355060040593408,2016-07-27 17:35:10+00:00,11,10,Corey,None,1089,3430
757741869644341248,2016-07-26 00:58:34+00:00,10,10,Leonard,None,3281,6930
757729163776290825,2016-07-26 00:08:05+00:00,11,10,Chompsky,None,8020,0
757725642876129280,2016-07-25 23:54:05+00:00,11,10,Beckham,None,1223,4581
757611664640446465,2016-07-25 16:21:11+00:00,12,10,Cooper,None,1114,4597
756998049151549440,2016-07-23 23:42:53+00:00,11,10,Oliver,None,2000,6340
756939218950160384,2016-07-23 19:49:07+00:00,12,10,Jax,pupper,2025,6705
756651752796094464,2016-07-23 00:46:50+00:00,11,10,Gert,None,1316,5106
755206590534418437,2016-07-19 01:04:16+00:00,14,10,one,doggo,5402,16569
755110668769038337,2016-07-18 18:43:07+00:00,13,10,Watson,None,11185,21371
754874841593970688,2016-07-18 03:06:01+00:00,11,10,Rubio,None,7984,0
754856583969079297,2016-07-18 01:53:28+00:00,11,10,Winnie,None,2547,6951
754747087846248448,2016-07-17 18:38:22+00:00,12,10,Keith,None,525,2605
754482103782404096,2016-07-17 01:05:25+00:00,10,10,Milo,None,1968,5335
754449512966619136,2016-07-16 22:55:55+00:00,11,10,Dex,None,736,3781
753398408988139520,2016-07-14 01:19:12+00:00,12,10,Scout,None,1920,5797
753298634498793472,2016-07-13 18:42:44+00:00,12,10,Carly,None,5746,0
753294487569522689,2016-07-13 18:26:16+00:00,11,10,Ace,None,1050,3398
753026973505581056,2016-07-13 00:43:15+00:00,10,10,Tayzie,None,975,3942
752932432744185856,2016-07-12 18:27:35+00:00,12,10,Carl,None,6902,12724
752917284578922496,2016-07-12 17:27:23+00:00,11,10,Grizzie,None,1590,6969
752173152931807232,2016-07-10 16:10:29+00:00,12,10,Brody,None,1852,6000
751950017322246144,2016-07-10 01:23:49+00:00,13,10,Lola,pupper,928,3081
751937170840121344,2016-07-10 00:32:46+00:00,11,10,Ruby,None,1343,5219
751830394383790080,2016-07-09 17:28:29+00:00,12,10,Tucker,None,1961,5842
751793661361422336,2016-07-09 15:02:31+00:00,11,10,Fred,None,2920,5868
751598357617971201,2016-07-09 02:06:27+00:00,13,10,Toby,None,3057,7973
751538714308972544,2016-07-08 22:09:27+00:00,10,10,Max,None,1269,5069
751251247299190784,2016-07-08 03:07:09+00:00,10,10,Gilbert,None,5917,12596
751132876104687617,2016-07-07 19:16:47+00:00,10,10,Cooper,puppo,1304,5099
750868782890057730,2016-07-07 01:47:22+00:00,11,10,Milo,pupper,1372,4818
750719632563142656,2016-07-06 15:54:42+00:00,12,10,Meyer,None,5070,13258
750429297815552001,2016-07-05 20:41:01+00:00,12,10,Arnie,None,4304,13246
750132105863102464,2016-07-05 01:00:05+00:00,11,10,Stewie,None,1299,3636
750117059602808832,2016-07-05 00:00:18+00:00,10,10,Calvin,None,1319,4356
750101899009982464,2016-07-04 23:00:03+00:00,11,10,Lilah,None,849,3052
750086836815486976,2016-07-04 22:00:12+00:00,12,10,Spanky,None,537,2176
750056684286914561,2016-07-04 20:00:23+00:00,11,10,Jameson,None,900,3175
750041628174217216,2016-07-04 19:00:33+00:00,13,10,Beau,None,623,3202
750026558547456000,2016-07-04 18:00:41+00:00,10,10,Jax,None,793,2732
750011400160841729,2016-07-04 17:00:26+00:00,11,10,Piper,doggo,908,3258
749996283729883136,2016-07-04 16:00:22+00:00,12,10,Bo,None,822,3083
749981277374128128,2016-07-04 15:00:45+00:00,1776,10,Atticus,None,2478,5147
749774190421639168,2016-07-04 01:17:51+00:00,12,10,Lucy,None,1321,4679
749417653287129088,2016-07-03 01:41:06+00:00,11,10,Finn,pupper,1648,6141
749395845976588288,2016-07-03 00:14:27+00:00,10,10,George,None,3455,8610
749317047558017024,2016-07-02 19:01:20+00:00,12,10,Blu,floofer,2243,5530
749075273010798592,2016-07-02 03:00:36+00:00,11,10,Boomer,doggo,2080,5777
749064354620928000,2016-07-02 02:17:13+00:00,11,10,Winston,None,1532,4830
748977405889503236,2016-07-01 20:31:43+00:00,10,10,not,None,3405,10817
748932637671223296,2016-07-01 17:33:49+00:00,13,10,Divine,doggo,2265,5837
748699167502000129,2016-07-01 02:06:06+00:00,11,10,Tripp,None,1594,4764
748692773788876800,2016-07-01 01:40:41+00:00,10,10,his,doggo,1335,4268
748568946752774144,2016-06-30 17:28:39+00:00,12,10,Cora,None,670,2204
748324050481647620,2016-06-30 01:15:31+00:00,11,10,Duke,None,763,3693
747844099428986880,2016-06-28 17:28:22+00:00,11,10,Huxley,None,750,2829
747648653817413632,2016-06-28 04:31:44+00:00,12,10,Keurig,None,5879,12943
747600769478692864,2016-06-28 01:21:27+00:00,10,10,Bookstore,None,555,2335
747439450712596480,2016-06-27 14:40:26+00:00,12,10,Linus,None,1920,5441
747219827526344708,2016-06-27 00:07:44+00:00,11,10,Atticus,None,1577,5277
747204161125646336,2016-06-26 23:05:29+00:00,10,10,Clark,None,926,3381
746757706116112384,2016-06-25 17:31:25+00:00,11,10,Maddie,None,3916,9589
746726898085036033,2016-06-25 15:29:00+00:00,12,10,Abby,None,1802,6066
746521445350707200,2016-06-25 01:52:36+00:00,10,10,Shaggy,None,985,0
746507379341139972,2016-06-25 00:56:43+00:00,10,10,Shiloh,None,1084,4669
746131877086527488,2016-06-24 00:04:36+00:00,10,10,Gustav,None,2207,6925
746056683365994496,2016-06-23 19:05:49+00:00,11,10,Arlen,None,810,3553
745789745784041472,2016-06-23 01:25:06+00:00,10,10,Gus,None,1067,4038
745433870967832576,2016-06-22 01:50:58+00:00,10,10,Lenox,doggo,2538,7090
745314880350101504,2016-06-21 17:58:09+00:00,12,10,Sugar,None,2754,7192
745074613265149952,2016-06-21 02:03:25+00:00,11,10,Jeffrey,None,3512,7851
745057283344719872,2016-06-21 00:54:33+00:00,12,10,Oliver,None,2269,7259
744971049620602880,2016-06-20 19:11:53+00:00,12,10,Indie,None,2694,7894
744709971296780288,2016-06-20 01:54:27+00:00,10,10,Harvey,None,1563,5618
744334592493166593,2016-06-19 01:02:50+00:00,11,10,Blanket,None,2116,6790
744223424764059648,2016-06-18 17:41:06+00:00,12,10,actually,pupper,367,1667
743980027717509120,2016-06-18 01:33:55+00:00,11,10,Geno,None,1093,4176
743609206067040256,2016-06-17 01:00:24+00:00,10,10,Stark,None,1383,4478
743545585370791937,2016-06-16 20:47:36+00:00,11,10,Bentley,None,939,3528
743510151680958465,2016-06-16 18:26:48+00:00,13,10,Beya,None,3726,7921
743253157753532416,2016-06-16 01:25:36+00:00,10,10,Kilo,puppo,1226,4229
743210557239623680,2016-06-15 22:36:19+00:00,10,10,Kayla,None,1364,3836
742528092657332225,2016-06-14 01:24:27+00:00,10,10,Maxaroni,None,1979,4416
742423170473463808,2016-06-13 18:27:32+00:00,12,10,Bell,None,3773,9813
742385895052087300,2016-06-13 15:59:24+00:00,11,10,Phil,None,1973,6811
742161199639494656,2016-06-13 01:06:33+00:00,12,10,Doug,None,1376,4338
741743634094141440,2016-06-11 21:27:17+00:00,11,10,Aqua,pupper,2755,8168
741303864243200000,2016-06-10 16:19:48+00:00,12,10,Theodore,None,3207,8780
741099773336379392,2016-06-10 02:48:49+00:00,11,10,Ted,None,5515,9991
741067306818797568,2016-06-10 00:39:48+00:00,12,10,just,doggo,3099,9502
741067306818797568,2016-06-10 00:39:48+00:00,12,10,just,pupper,3099,9502
740995100998766593,2016-06-09 19:52:53+00:00,10,10,Leo,None,2744,6376
740676976021798912,2016-06-08 22:48:46+00:00,11,10,Baloo,pupper,6818,18159
740214038584557568,2016-06-07 16:09:13+00:00,10,10,getting,None,1963,6685
739979191639244800,2016-06-07 00:36:02+00:00,12,10,Nollie,None,5908,19966
739932936087216128,2016-06-06 21:32:13+00:00,10,10,Rorie,None,1070,4056
739844404073074688,2016-06-06 15:40:26+00:00,12,10,Simba,None,853,3799
738885046782832640,2016-06-04 00:08:17+00:00,11,10,Charles,None,1140,3768
738537504001953792,2016-06-03 01:07:16+00:00,11,10,Bayley,puppo,1539,5077
738166403467907072,2016-06-02 00:32:39+00:00,12,10,Axel,None,3350,8759
738156290900254721,2016-06-01 23:52:28+00:00,10,10,Storkson,None,643,2505
737826014890496000,2016-06-01 02:00:04+00:00,10,10,Remy,None,1765,5264
737800304142471168,2016-06-01 00:17:54+00:00,10,10,Bella,None,3446,9967
736736130620620800,2016-05-29 01:49:16+00:00,13,10,Chadrick,None,1726,4251
736392552031657984,2016-05-28 03:04:00+00:00,13,10,mad,pupper,7356,17652
736365877722001409,2016-05-28 01:18:00+00:00,11,10,Rory,pupper,1240,3963
736225175608430592,2016-05-27 15:58:54+00:00,10,10,very,None,2774,8115
735991953473572864,2016-05-27 00:32:10+00:00,11,10,Maxaroni,None,1148,3584
735635087207878657,2016-05-26 00:54:06+00:00,11,10,Dakota,None,2341,6150
734912297295085568,2016-05-24 01:02:00+00:00,10,10,Jax,None,524,2744
734776360183431168,2016-05-23 16:01:50+00:00,11,10,Livvie,None,542,2492
733828123016450049,2016-05-21 01:13:53+00:00,10,10,Terry,None,781,3570
733822306246479872,2016-05-21 00:50:46+00:00,10,10,Moose,floofer,1018,3664
733460102733135873,2016-05-20 00:51:30+00:00,11,10,Hermione,None,1279,4182
732732193018155009,2016-05-18 00:39:02+00:00,12,10,Ralpher,None,535,2432
732726085725589504,2016-05-18 00:14:46+00:00,11,10,Aldrick,None,885,3536
732375214819057664,2016-05-17 01:00:32+00:00,11,10,Kyle,doggo,2506,8055
732005617171337216,2016-05-16 00:31:53+00:00,11,10,Larry,None,5391,14856
731285275100512256,2016-05-14 00:49:30+00:00,12,10,Solomon,None,985,3479
730573383004487680,2016-05-12 01:40:42+00:00,10,10,Rooney,pupper,2125,4888
730427201120833536,2016-05-11 15:59:50+00:00,11,10,Crystal,None,1048,3475
730211855403241472,2016-05-11 01:44:07+00:00,11,10,Ziva,None,1055,3803
729854734790754305,2016-05-10 02:05:03+00:00,11,10,Ollie,None,1124,4011
729823566028484608,2016-05-10 00:01:12+00:00,13,10,Stefan,None,1240,3960
729463711119904772,2016-05-09 00:11:16+00:00,13,10,Pupcasso,None,2307,5769
728986383096946689,2016-05-07 16:34:32+00:00,11,10,Puff,None,818,3131
728751179681943552,2016-05-07 00:59:55+00:00,10,10,Flurpson,None,675,2757
728409960103686147,2016-05-06 02:24:02+00:00,10,10,Wallace,None,1992,4889
728387165835677696,2016-05-06 00:53:27+00:00,12,10,Enchilada,None,956,3679
728046963732717569,2016-05-05 02:21:37+00:00,11,10,Raymond,None,1194,4284
728035342121635841,2016-05-05 01:35:26+00:00,12,10,all,pupper,1656,4552
728015554473250816,2016-05-05 00:16:48+00:00,11,10,Rueben,pupper,1100,4099
727685679342333952,2016-05-04 02:26:00+00:00,12,10,Cilantro,None,637,2943
727175381690781696,2016-05-02 16:38:15+00:00,10,10,Karll,None,1377,3894
726935089318363137,2016-05-02 00:43:25+00:00,12,10,Sprout,None,2448,6845
726887082820554753,2016-05-01 21:32:40+00:00,10,10,Blitz,None,1513,3825
726828223124897792,2016-05-01 17:38:46+00:00,12,10,Bloop,None,998,3545
725842289046749185,2016-04-29 00:21:01+00:00,12,10,Colby,None,2660,7052
725786712245440512,2016-04-28 20:40:11+00:00,11,10,Lillie,pupper,1361,4148
725729321944506368,2016-04-28 16:52:08+00:00,12,10,Lola,None,1774,5186
724983749226668032,2016-04-26 15:29:30+00:00,12,10,Fred,None,1304,3711
724405726123311104,2016-04-25 01:12:38+00:00,10,10,Ashleigh,pupper,1639,5252
724049859469295616,2016-04-24 01:38:33+00:00,10,10,Kreggory,None,1766,4304
724046343203856385,2016-04-24 01:24:35+00:00,10,10,Sarge,None,553,2644
724004602748780546,2016-04-23 22:38:43+00:00,11,10,Luther,pupper,1543,4161
723912936180330496,2016-04-23 16:34:28+00:00,12,10,Sugar,None,1229,3864
723688335806480385,2016-04-23 01:41:59+00:00,12,10,Reginald,None,2926,7640
723673163800948736,2016-04-23 00:41:42+00:00,10,10,Ivar,None,882,2998
722613351520608256,2016-04-20 02:30:23+00:00,12,10,Schnitzel,None,1628,4946
721503162398597120,2016-04-17 00:58:53+00:00,11,10,Panda,None,1839,4597
721001180231503872,2016-04-15 15:44:11+00:00,11,10,Oliver,pupper,607,2510
720785406564900865,2016-04-15 01:26:47+00:00,12,10,Archie,None,762,3100
720775346191278080,2016-04-15 00:46:48+00:00,10,10,Berkeley,None,661,2449
720389942216527872,2016-04-13 23:15:21+00:00,11,10,Ralph,None,2491,6342
720340705894408192,2016-04-13 19:59:42+00:00,10,10,Derek,pupper,973,2857
720043174954147842,2016-04-13 00:17:25+00:00,11,10,Neptune,None,1997,4883
719704490224398336,2016-04-12 01:51:36+00:00,12,10,Clyde,pupper,1422,4519
719551379208073216,2016-04-11 15:43:12+00:00,10,10,Harnold,None,1899,5034
719367763014393856,2016-04-11 03:33:34+00:00,11,10,Sid,None,739,2789
719339463458033665,2016-04-11 01:41:07+00:00,10,10,Lucy,None,1227,4410
719332531645071360,2016-04-11 01:13:34+00:00,11,10,Pippa,None,946,3413
718971898235854848,2016-04-10 01:20:33+00:00,10,10,Sadie,None,1071,3469
718939241951195136,2016-04-09 23:10:47+00:00,12,10,Otis,None,1748,5227
718613305783398402,2016-04-09 01:35:37+00:00,11,10,Carper,None,478,2419
718234618122661888,2016-04-08 00:30:51+00:00,11,10,Suki,None,990,3847
717841801130979328,2016-04-06 22:29:56+00:00,11,10,Barclay,None,602,2452
717428917016076293,2016-04-05 19:09:17+00:00,11,10,Skittle,None,450,1608
717047459982213120,2016-04-04 17:53:31+00:00,12,10,Flvio,None,1923,6262
717009362452090881,2016-04-04 15:22:08+00:00,10,10,Smokey,pupper,960,3237
716802964044845056,2016-04-04 01:41:58+00:00,10,10,Link,None,1165,4264
716791146589110272,2016-04-04 00:55:01+00:00,11,10,Jennifur,None,1567,8105
716447146686459905,2016-04-03 02:08:05+00:00,13,10,Ozzy,pupper,5831,13001
716285507865542656,2016-04-02 15:25:47+00:00,12,10,Stephanus,None,1051,2753
715928423106027520,2016-04-01 15:46:52+00:00,11,10,Bubbles,None,875,3178
715758151270801409,2016-04-01 04:30:16+00:00,13,10,old,None,1430,3702
715704790270025728,2016-04-01 00:58:13+00:00,11,10,Bentley,None,562,2782
715696743237730304,2016-04-01 00:26:15+00:00,10,10,Toby,None,1283,3889
715680795826982913,2016-03-31 23:22:53+00:00,12,10,Zeus,None,1608,4282
715360349751484417,2016-03-31 02:09:32+00:00,11,10,Bertson,None,1559,5449
715342466308784130,2016-03-31 00:58:29+00:00,10,10,Oscar,None,688,3025
715220193576927233,2016-03-30 16:52:36+00:00,10,10,Nico,None,647,2411
715200624753819648,2016-03-30 15:34:51+00:00,12,10,Michelangelope,None,1873,5121
715009755312439296,2016-03-30 02:56:24+00:00,12,10,Siba,None,1222,4144
714957620017307648,2016-03-29 23:29:14+00:00,10,10,Curtis,None,1403,4107
714485234495041536,2016-03-28 16:12:09+00:00,10,10,Blitz,None,1122,2674
714258258790387713,2016-03-28 01:10:13+00:00,10,10,Travis,None,714,3023
713919462244790272,2016-03-27 02:43:58+00:00,12,10,Kanu,None,783,3277
713909862279876608,2016-03-27 02:05:49+00:00,12,10,Doug,None,534,1897
713761197720473600,2016-03-26 16:15:05+00:00,12,10,Piper,None,1371,4853
713177543487135744,2016-03-25 01:35:51+00:00,10,10,Lance,None,2819,7185
713175907180089344,2016-03-25 01:29:21+00:00,10,10,Opie,None,1467,4438
712809025985978368,2016-03-24 01:11:29+00:00,10,10,Stubert,None,6672,18473
712668654853337088,2016-03-23 15:53:42+00:00,10,10,Sunny,None,1208,4160
712438159032893441,2016-03-23 00:37:48+00:00,11,10,Kane,None,1558,5305
712085617388212225,2016-03-22 01:16:55+00:00,11,10,Olive,None,484,3257
711968124745228288,2016-03-21 17:30:03+00:00,10,10,Winston,pupper,2291,8033
711743778164514816,2016-03-21 02:38:34+00:00,11,10,Roosevelt,None,975,2824
711008018775851008,2016-03-19 01:54:56+00:00,11,10,Chuckles,pupper,611,2987
710997087345876993,2016-03-19 01:11:29+00:00,12,10,Milo,None,1376,4550
710844581445812225,2016-03-18 15:05:29+00:00,10,10,Staniel,None,686,2532
710833117892898816,2016-03-18 14:19:56+00:00,12,10,Sora,None,533,2672
710588934686908417,2016-03-17 22:09:38+00:00,12,10,Beemo,None,1858,4516
710296729921429505,2016-03-17 02:48:31+00:00,12,10,Oshie,None,733,2368
710283270106132480,2016-03-17 01:55:02+00:00,11,10,Gunner,None,517,2139
710272297844797440,2016-03-17 01:11:26+00:00,11,10,infuriating,None,1241,4516
710153181850935296,2016-03-16 17:18:07+00:00,11,10,Lacy,None,882,2894
709918798883774466,2016-03-16 01:46:45+00:00,12,10,Watson,None,1078,3468
709566166965075968,2016-03-15 02:25:31+00:00,12,10,Olaf,None,1204,3539
709556954897764353,2016-03-15 01:48:55+00:00,12,10,Cecil,None,1066,3283
709449600415961088,2016-03-14 18:42:20+00:00,10,10,Karma,None,566,2216
709225125749587968,2016-03-14 03:50:21+00:00,11,10,Walker,None,570,2399
709207347839836162,2016-03-14 02:39:42+00:00,11,10,Penny,None,5781,12515
709179584944730112,2016-03-14 00:49:23+00:00,13,10,Sammy,None,665,1995
709158332880297985,2016-03-13 23:24:56+00:00,10,10,Rodney,None,411,2024
708834316713893888,2016-03-13 01:57:25+00:00,10,10,Malikai,None,495,1675
708810915978854401,2016-03-13 00:24:26+00:00,10,10,Mister,None,6899,16440
708738143638450176,2016-03-12 19:35:15+00:00,11,10,Coco,None,805,2733
708711088997666817,2016-03-12 17:47:45+00:00,11,10,Smokey,None,716,2532
708479650088034305,2016-03-12 02:28:06+00:00,13,10,Bear,None,677,2537
708469915515297792,2016-03-12 01:49:25+00:00,11,10,Bobble,None,809,3088
708356463048204288,2016-03-11 18:18:36+00:00,10,10,Oliver,None,1315,3571
708349470027751425,2016-03-11 17:50:48+00:00,11,10,River,None,736,2338
708149363256774660,2016-03-11 04:35:39+00:00,10,10,Jebberson,None,1545,4270
708109389455101952,2016-03-11 01:56:49+00:00,10,10,Remington,None,547,1935
707995814724026368,2016-03-10 18:25:30+00:00,12,10,Farfle,None,1119,3123
707969809498152960,2016-03-10 16:42:10+00:00,11,10,Rufus,None,961,2692
707776935007539200,2016-03-10 03:55:45+00:00,11,10,Sadie,None,953,3274
707610948723478529,2016-03-09 16:56:11+00:00,12,10,Harper,None,6340,16933
707387676719185920,2016-03-09 02:08:59+00:00,10,10,Clarkus,None,1285,3485
707315916783140866,2016-03-08 21:23:50+00:00,10,10,Finnegus,pupper,635,2466
707297311098011648,2016-03-08 20:09:54+00:00,10,10,Cassie,None,782,2762
707059547140169728,2016-03-08 04:25:07+00:00,11,10,Cupcake,None,668,2589
707038192327901184,2016-03-08 03:00:15+00:00,10,10,Kathmandu,None,789,2178
707021089608753152,2016-03-08 01:52:18+00:00,12,10,Tucker,None,1351,4073
707014260413456384,2016-03-08 01:25:10+00:00,11,10,Ellie,None,596,2310
706681918348251136,2016-03-07 03:24:33+00:00,12,10,Katie,None,970,3293
706538006853918722,2016-03-06 17:52:42+00:00,11,10,Oliver,None,1423,3466
706346369204748288,2016-03-06 05:11:12+00:00,12,10,Koda,None,923,3445
706265994973601792,2016-03-05 23:51:49+00:00,11,10,Kara,None,931,2729
706153300320784384,2016-03-05 16:24:01+00:00,13,10,Layla,None,383,1482
705975130514706432,2016-03-05 04:36:02+00:00,10,10,Adele,pupper,731,3092
705970349788291072,2016-03-05 04:17:02+00:00,12,10,Lucy,None,891,3156
705898680587526145,2016-03-04 23:32:15+00:00,10,10,Max,None,549,2361
705475953783398401,2016-03-03 19:32:29+00:00,12,10,Zara,None,911,2952
705442520700944385,2016-03-03 17:19:38+00:00,12,10,Cooper,None,1622,4421
705428427625635840,2016-03-03 16:23:38+00:00,11,10,Ambrose,pupper,1680,3807
705239209544720384,2016-03-03 03:51:44+00:00,11,10,Jimothy,None,745,3000
705102439679201280,2016-03-02 18:48:16+00:00,10,10,Terrenth,None,517,2140
705066031337840642,2016-03-02 16:23:36+00:00,12,10,Reese,None,616,2180
704480331685040129,2016-03-01 01:36:14+00:00,11,10,Lucia,None,1061,3389
704364645503647744,2016-02-29 17:56:32+00:00,12,10,Bisquick,None,3541,7996
704347321748819968,2016-02-29 16:47:42+00:00,10,10,Ralphson,pupper,350,1578
703631701117943808,2016-02-27 17:24:05+00:00,11,10,Bella,None,677,2577
703611486317502464,2016-02-27 16:03:45+00:00,10,10,Scooter,pupper,1525,3852
703382836347330562,2016-02-27 00:55:11+00:00,12,10,Charlie,None,1144,3508
703041949650034688,2016-02-26 02:20:37+00:00,10,10,an,None,12466,26316
702899151802126337,2016-02-25 16:53:11+00:00,12,10,Luna,None,452,1608
702684942141153280,2016-02-25 02:42:00+00:00,11,10,Lucy,None,1074,3218
702671118226825216,2016-02-25 01:47:04+00:00,10,10,Rambo,None,555,2199
702598099714314240,2016-02-24 20:56:55+00:00,11,10,Sansa,pupper,3424,12213
702332542343577600,2016-02-24 03:21:41+00:00,13,10,Rudy,None,1545,3179
701981390485725185,2016-02-23 04:06:20+00:00,12,10,Fiji,None,990,3446
701952816642965504,2016-02-23 02:12:47+00:00,11,10,Rilo,None,1022,3841
701889187134500865,2016-02-22 21:59:57+00:00,11,10,Bilbo,None,1386,3542
701601587219795968,2016-02-22 02:57:08+00:00,10,10,Coopson,None,449,2085
701545186879471618,2016-02-21 23:13:01+00:00,10,10,Millie,pupper,608,2656
700890391244103680,2016-02-20 03:51:05+00:00,11,10,Chet,None,565,2206
700847567345688576,2016-02-20 01:00:55+00:00,10,10,Crouton,None,499,2452
700747788515020802,2016-02-19 18:24:26+00:00,11,10,very,None,9300,22800
700518061187723268,2016-02-19 03:11:35+00:00,10,10,Vincent,None,794,2607
700505138482569216,2016-02-19 02:20:14+00:00,12,10,Kaia,None,570,2284
700167517596164096,2016-02-18 03:58:39+00:00,10,10,Dotsy,None,733,2625
700029284593901568,2016-02-17 18:49:22+00:00,10,10,Coops,None,584,2070
699801817392291840,2016-02-17 03:45:29+00:00,11,10,Cooper,pupper,953,3060
699788877217865730,2016-02-17 02:54:04+00:00,12,10,Nala,None,508,2226
699775878809702401,2016-02-17 02:02:25+00:00,11,10,Fillup,None,603,1960
699446877801091073,2016-02-16 04:15:05+00:00,12,10,Archie,None,2607,5942
699413908797464576,2016-02-16 02:04:04+00:00,11,10,Miley,None,624,2075
699370870310113280,2016-02-15 23:13:03+00:00,11,10,Calbert,None,443,1886
699060279947165696,2016-02-15 02:38:53+00:00,12,10,Yukon,None,1800,3754
698989035503689728,2016-02-14 21:55:47+00:00,13,10,Oliver,None,972,3340
698953797952008193,2016-02-14 19:35:46+00:00,11,10,CeCe,None,897,2681
698710712454139905,2016-02-14 03:29:49+00:00,10,10,Cuddles,None,678,2464
698355670425473025,2016-02-13 03:59:01+00:00,10,10,Jessiga,None,449,1856
698342080612007937,2016-02-13 03:05:01+00:00,11,10,Maximus,None,950,2266
698262614669991936,2016-02-12 21:49:15+00:00,11,10,Franklin,None,1996,4744
698178924120031232,2016-02-12 16:16:41+00:00,10,10,Lily,None,737,2806
697990423684476929,2016-02-12 03:47:39+00:00,11,10,Doug,None,1295,3283
697943111201378304,2016-02-12 00:39:39+00:00,10,10,Cassie,None,681,2387
697881462549430272,2016-02-11 20:34:41+00:00,10,10,Carter,None,1178,3011
697482927769255936,2016-02-10 18:11:03+00:00,11,10,Blipson,None,674,2414
697270446429966336,2016-02-10 04:06:43+00:00,10,10,Bentley,None,1873,4686
697255105972801536,2016-02-10 03:05:46+00:00,10,10,Charlie,None,1161,3033
697242256848379904,2016-02-10 02:14:42+00:00,10,10,Oakley,None,669,2508
696900204696625153,2016-02-09 03:35:31+00:00,12,10,Rosie,None,1019,3173
696754882863349760,2016-02-08 17:58:03+00:00,10,10,Reptar,None,361,1480
696744641916489729,2016-02-08 17:17:22+00:00,10,10,Klevin,None,939,2060
695794761660297217,2016-02-06 02:22:53+00:00,13,10,Wyatt,None,763,3154
695409464418041856,2016-02-05 00:51:51+00:00,10,10,Bob,None,3565,8665
695314793360662529,2016-02-04 18:35:39+00:00,10,10,Colin,None,1452,3623
695095422348574720,2016-02-04 04:03:57+00:00,12,10,just,pupper,613,2630
695074328191332352,2016-02-04 02:40:08+00:00,11,10,Lorenzo,pupper,1094,2837
694905863685980160,2016-02-03 15:30:43+00:00,10,10,Archie,None,937,2746
694669722378485760,2016-02-02 23:52:22+00:00,12,10,Phil,None,14363,35760
694352839993344000,2016-02-02 02:53:12+00:00,10,10,Olivir,None,615,2038
694001791655137281,2016-02-01 03:38:15+00:00,11,10,Chester,None,1024,3406
693942351086120961,2016-01-31 23:42:03+00:00,10,10,Kobe,None,369,1737
693486665285931008,2016-01-30 17:31:20+00:00,11,10,Lincoln,None,635,1780
693280720173801472,2016-01-30 03:52:58+00:00,10,10,Sadie,None,1234,3346
693267061318012928,2016-01-30 02:58:42+00:00,12,10,Oscar,None,809,2374
693155686491000832,2016-01-29 19:36:08+00:00,12,10,Dunkin,None,3203,7870
693095443459342336,2016-01-29 15:36:45+00:00,10,10,Milo,pupper,460,1857
692905862751522816,2016-01-29 03:03:25+00:00,10,10,Wally,pupper,863,2423
692894228850999298,2016-01-29 02:17:12+00:00,10,10,Tupawc,None,806,2263
692568918515392513,2016-01-28 04:44:32+00:00,12,10,Chester,None,1532,4356
692535307825213440,2016-01-28 02:30:58+00:00,10,10,Amber,None,1362,3173
692530551048294401,2016-01-28 02:12:04+00:00,10,10,Cody,None,413,1828
692158366030913536,2016-01-27 01:33:08+00:00,10,10,Edgar,None,788,2143
692041934689402880,2016-01-26 17:50:29+00:00,13,10,Teddy,None,1272,3397
691675652215414786,2016-01-25 17:35:00+00:00,10,10,Richie,None,508,1955
691459709405118465,2016-01-25 03:16:56+00:00,12,10,Leo,None,1136,4040
691444869282295808,2016-01-25 02:17:57+00:00,12,10,Bailey,None,846,2647
691321916024623104,2016-01-24 18:09:23+00:00,11,10,Molly,None,662,2556
690932576555528194,2016-01-23 16:22:17+00:00,12,10,Buddy,None,1019,3281
690735892932222976,2016-01-23 03:20:44+00:00,13,10,Peaches,None,1268,3778
690690673629138944,2016-01-23 00:21:03+00:00,10,10,Cedrick,None,814,2333
690649993829576704,2016-01-22 21:39:24+00:00,11,10,Hazel,None,278,1302
690597161306841088,2016-01-22 18:09:28+00:00,11,10,Lolo,None,600,1950
690400367696297985,2016-01-22 05:07:29+00:00,10,10,Eriq,None,451,1887
690374419777196032,2016-01-22 03:24:22+00:00,11,10,Phred,None,846,3247
690348396616552449,2016-01-22 01:40:58+00:00,12,10,Oddie,None,516,1509
690248561355657216,2016-01-21 19:04:15+00:00,11,10,Maxwell,None,415,1672
690021994562220032,2016-01-21 04:03:58+00:00,10,10,Geoff,None,1029,2791
689999384604450816,2016-01-21 02:34:07+00:00,10,10,Covach,None,369,1418
689905486972461056,2016-01-20 20:21:00+00:00,11,10,Gizmo,pupper,699,2434
689835978131935233,2016-01-20 15:44:48+00:00,11,10,Fynn,None,742,2168
689661964914655233,2016-01-20 04:13:20+00:00,12,10,Luca,None,927,3209
689623661272240129,2016-01-20 01:41:08+00:00,10,10,Lucy,pupper,640,2229
689517482558820352,2016-01-19 18:39:13+00:00,12,10,Carl,None,1425,3394
689280876073582592,2016-01-19 02:59:01+00:00,10,10,Herald,None,710,1974
689275259254616065,2016-01-19 02:36:42+00:00,10,10,Lucky,None,243,1143
689255633275777024,2016-01-19 01:18:43+00:00,10,10,Ferg,None,1080,2549
689143371370250240,2016-01-18 17:52:38+00:00,10,10,Trip,pupper,509,2014
688385280030670848,2016-01-16 15:40:14+00:00,12,10,Louis,None,4471,9282
688211956440801280,2016-01-16 04:11:31+00:00,13,10,Derby,None,827,2241
688179443353796608,2016-01-16 02:02:19+00:00,10,10,Lizzie,pupper,581,2137
688064179421470721,2016-01-15 18:24:18+00:00,11,10,Kilo,None,359,1730
687826841265172480,2016-01-15 02:41:12+00:00,12,10,Louis,None,1117,2746
687807801670897665,2016-01-15 01:25:33+00:00,11,10,Trooper,None,715,2395
687732144991551489,2016-01-14 20:24:55+00:00,11,10,Ember,None,666,1757
687664829264453632,2016-01-14 15:57:26+00:00,11,10,Opal,None,510,1932
687476254459715584,2016-01-14 03:28:06+00:00,11,10,Curtis,pupper,532,1986
687460506001633280,2016-01-14 02:25:31+00:00,10,10,Kramer,None,540,2057
687399393394311168,2016-01-13 22:22:41+00:00,10,10,Barry,None,616,1890
687317306314240000,2016-01-13 16:56:30+00:00,11,10,Tyrone,None,9153,20138
687124485711986689,2016-01-13 04:10:18+00:00,11,10,Samson,None,504,2164
687109925361856513,2016-01-13 03:12:26+00:00,11,10,Baxter,None,2457,5794
686947101016735744,2016-01-12 16:25:26+00:00,11,10,Jackson,None,3181,8622
686683045143953408,2016-01-11 22:56:10+00:00,11,10,Mona,pupper,802,2818
686618349602762752,2016-01-11 18:39:05+00:00,11,10,Olivia,pupper,1361,3704
686606069955735556,2016-01-11 17:50:18+00:00,10,10,Horace,None,541,1883
686386521809772549,2016-01-11 03:17:53+00:00,11,10,Crimson,None,876,3257
686377065986265092,2016-01-11 02:40:19+00:00,10,10,Birf,pupper,568,2210
686050296934563840,2016-01-10 05:01:51+00:00,11,10,Flvio,None,726,2214
685973236358713344,2016-01-09 23:55:38+00:00,11,10,Lorelei,None,523,2100
685663452032069632,2016-01-09 03:24:40+00:00,12,10,Brooks,None,1456,3235
685321586178670592,2016-01-08 04:46:13+00:00,10,10,Rocky,None,639,2653
685307451701334016,2016-01-08 03:50:03+00:00,11,10,Petrick,floofer,440,2071
685268753634967552,2016-01-08 01:16:17+00:00,10,10,Hubertson,pupper,1194,3101
685198997565345792,2016-01-07 20:39:06+00:00,11,10,Alfie,None,668,2338
685169283572338688,2016-01-07 18:41:01+00:00,11,10,Gerbald,pupper,1428,4108
684940049151070208,2016-01-07 03:30:07+00:00,12,10,Oreo,None,1045,3206
684926975086034944,2016-01-07 02:38:10+00:00,11,10,Bruiser,None,460,3491
684902183876321280,2016-01-07 00:59:40+00:00,11,10,Perry,None,529,1875
684800227459624960,2016-01-06 18:14:31+00:00,11,10,Theodore,None,1005,2734
684481074559381504,2016-01-05 21:06:19+00:00,10,10,Pippa,None,1163,3886
684460069371654144,2016-01-05 19:42:51+00:00,10,10,Jeph,None,558,1973
684241637099323392,2016-01-05 05:14:53+00:00,12,10,Obi,None,3275,8131
684177701129875456,2016-01-05 01:00:50+00:00,10,10,Kulet,None,660,2012
684147889187209216,2016-01-04 23:02:22+00:00,12,10,Sweets,pupper,1513,2991
684097758874210310,2016-01-04 19:43:10+00:00,10,10,Lupe,None,1426,4110
683857920510050305,2016-01-04 03:50:08+00:00,10,10,Sadie,None,1121,3798
683852578183077888,2016-01-04 03:28:54+00:00,10,10,Tiger,None,345,1931
683742671509258241,2016-01-03 20:12:10+00:00,11,10,Sebastian,None,3301,6468
683498322573824003,2016-01-03 04:01:13+00:00,11,10,Griffin,None,961,3174
683481228088049664,2016-01-03 02:53:17+00:00,11,10,Banjo,pupper,993,2648
683391852557561860,2016-01-02 20:58:09+00:00,11,10,Jack,None,2392,7622
683111407806746624,2016-01-02 02:23:45+00:00,10,10,Larry,pupper,910,3398
683030066213818368,2016-01-01 21:00:32+00:00,10,10,Lulu,None,737,2159
682662431982772225,2015-12-31 20:39:41+00:00,11,10,Joey,None,1078,3057
682393905736888321,2015-12-31 02:52:40+00:00,11,10,Kreg,None,671,2224
682242692827447297,2015-12-30 16:51:48+00:00,11,10,Samson,None,1160,3246
682059653698686977,2015-12-30 04:44:28+00:00,11,10,Tess,None,1677,4938
682032003584274432,2015-12-30 02:54:35+00:00,11,10,Ulysses,None,1999,6561
681981167097122816,2015-12-29 23:32:35+00:00,12,10,Jimothy,None,1028,2801
681891461017812993,2015-12-29 17:36:07+00:00,10,10,Charlie,pupper,814,2464
681694085539872773,2015-12-29 04:31:49+00:00,11,10,Bo,pupper,4043,12762
681654059175129088,2015-12-29 01:52:46+00:00,12,10,Toffee,pupper,920,2634
681523177663676416,2015-12-28 17:12:42+00:00,12,10,Carly,None,5746,14264
681320187870711809,2015-12-28 03:46:05+00:00,11,10,Glacier,None,739,2642
681297372102656000,2015-12-28 02:15:26+00:00,12,10,actually,None,950,3205
681281657291280384,2015-12-28 01:12:59+00:00,11,10,Sarge,None,1092,3221
681242418453299201,2015-12-27 22:37:04+00:00,10,10,Champ,None,526,1484
681193455364796417,2015-12-27 19:22:30+00:00,11,10,Aspen,None,1480,3689
680934982542561280,2015-12-27 02:15:25+00:00,10,10,Sadie,None,433,2080
680913438424612864,2015-12-27 00:49:49+00:00,11,10,Griswold,None,620,2398
680836378243002368,2015-12-26 19:43:36+00:00,12,10,Ellie,pupper,1315,3456
680497766108381184,2015-12-25 21:18:05+00:00,12,10,Percy,None,1906,4224
680473011644985345,2015-12-25 19:39:43+00:00,10,10,Hector,pupper,740,2542
680221482581123072,2015-12-25 03:00:14+00:00,10,10,CeCe,None,292,1460
680206703334408192,2015-12-25 02:01:30+00:00,12,10,Toby,None,1163,2828
680161097740095489,2015-12-24 23:00:17+00:00,12,10,Goliath,None,729,2322
680145970311643136,2015-12-24 22:00:10+00:00,10,10,Kawhi,pupper,1733,3602
680130881361686529,2015-12-24 21:00:12+00:00,10,10,Reggie,None,937,2287
680085611152338944,2015-12-24 18:00:19+00:00,12,10,by,None,8947,12763
679872969355714560,2015-12-24 03:55:21+00:00,10,10,Rocco,None,657,2177
679844490799091713,2015-12-24 02:02:12+00:00,10,10,Willie,None,757,2356
679777920601223168,2015-12-23 21:37:40+00:00,10,10,Rinna,pupper,1096,3084
679462823135686656,2015-12-23 00:45:35+00:00,11,10,Hurley,None,18674,31400
679158373988876288,2015-12-22 04:35:49+00:00,11,10,Rubio,None,7984,21173
679132435750195208,2015-12-22 02:52:45+00:00,10,10,Louis,None,1143,2952
679111216690831360,2015-12-22 01:28:25+00:00,12,10,officially,None,2554,5934
679062614270468097,2015-12-21 22:15:18+00:00,11,10,Chompsky,None,8020,16850
679001094530465792,2015-12-21 18:10:50+00:00,11,10,Rascal,None,1214,2798
678969228704284672,2015-12-21 16:04:13+00:00,11,10,Lola,None,454,1640
678774928607469569,2015-12-21 03:12:08+00:00,11,10,Tug,None,896,2788
678764513869611008,2015-12-21 02:30:45+00:00,10,10,Wilson,None,468,1623
678755239630127104,2015-12-21 01:53:54+00:00,10,10,Dash,None,3247,7060
678643457146150913,2015-12-20 18:29:43+00:00,10,10,Grizz,None,400,2038
678410210315247616,2015-12-20 03:02:53+00:00,10,10,Jerome,None,1786,4182
678389028614488064,2015-12-20 01:38:42+00:00,11,10,Bella,pupper,418,1860
678380236862578688,2015-12-20 01:03:46+00:00,10,10,Crumpet,None,903,2414
678334497360859136,2015-12-19 22:02:01+00:00,10,10,Rosie,None,249,1293
678021115718029313,2015-12-19 01:16:45+00:00,12,10,Reese,None,6252,13510
677961670166224897,2015-12-18 21:20:32+00:00,11,10,Izzy,None,1661,3386
677700003327029250,2015-12-18 04:00:46+00:00,10,10,Ralph,None,1422,3346
677573743309385728,2015-12-17 19:39:03+00:00,10,10,Sandy,None,693,2101
677328882937298944,2015-12-17 03:26:04+00:00,10,10,Derek,None,1483,3589
677314812125323265,2015-12-17 02:30:09+00:00,10,10,Tassy,None,523,1621
677269281705472000,2015-12-16 23:29:14+00:00,10,10,the,pupper,698,1965
677228873407442944,2015-12-16 20:48:40+00:00,11,10,Chuq,None,1618,3506
676975532580409345,2015-12-16 04:01:59+00:00,11,10,Cooper,None,1049,2738
676864501615042560,2015-12-15 20:40:47+00:00,10,10,Ash,None,698,2073
676613908052996102,2015-12-15 04:05:01+00:00,12,10,the,None,197,1067
676430933382295552,2015-12-14 15:57:56+00:00,10,10,Duke,None,340,1371
676219687039057920,2015-12-14 01:58:31+00:00,10,10,Kenneth,None,30486,75069
676146341966438401,2015-12-13 21:07:04+00:00,10,10,Bert,None,648,1880
676101918813499392,2015-12-13 18:10:33+00:00,11,10,Striker,None,1144,2775
675845657354215424,2015-12-13 01:12:15+00:00,10,10,Pepper,pupper,858,2225
675798442703122432,2015-12-12 22:04:39+00:00,10,10,Bernie,None,3334,10048
675781562965868544,2015-12-12 20:57:34+00:00,11,10,Buddah,None,456,1596
675710890956750848,2015-12-12 16:16:45+00:00,12,10,Lenny,None,795,1852
675531475945709568,2015-12-12 04:23:49+00:00,10,10,Ellie,None,371,1158
675522403582218240,2015-12-12 03:47:46+00:00,10,10,Sammy,None,281,1014
675497103322386432,2015-12-12 02:07:14+00:00,11,10,Reggie,None,1260,3074
675362609739206656,2015-12-11 17:12:48+00:00,12,10,Daisy,None,226,1023
675166823650848770,2015-12-11 04:14:49+00:00,10,10,Arnold,None,1548,3501
675113801096802304,2015-12-11 00:44:07+00:00,10,10,Zuzu,pupper,764,1905
675015141583413248,2015-12-10 18:12:05+00:00,10,10,Moe,None,1155,2640
675006312288268288,2015-12-10 17:37:00+00:00,10,10,Mollie,pupper,217,959
675003128568291329,2015-12-10 17:24:21+00:00,12,10,Laela,None,454,1524
674800520222154752,2015-12-10 03:59:15+00:00,11,10,Tedders,None,829,2937
674774481756377088,2015-12-10 02:15:47+00:00,11,10,Superpup,pupper,454,1085
674743008475090944,2015-12-10 00:10:43+00:00,10,10,Sophie,None,533,1359
674737130913071104,2015-12-09 23:47:22+00:00,10,10,Rufio,pupper,85,629
674664755118911488,2015-12-09 18:59:46+00:00,10,10,Rodman,None,245,891
674468880899788800,2015-12-09 06:01:26+00:00,13,10,Louis,None,1971,6049
674422304705744896,2015-12-09 02:56:22+00:00,12,10,Ava,None,525,1395
674416750885273600,2015-12-09 02:34:18+00:00,10,10,Jonah,None,133,668
674410619106390016,2015-12-09 02:09:56+00:00,10,10,Lenny,None,448,1163
674372068062928900,2015-12-08 23:36:44+00:00,10,10,Chesney,None,305,826
674307341513269249,2015-12-08 19:19:32+00:00,12,10,life,None,6739,11034
674291837063053312,2015-12-08 18:17:56+00:00,11,10,Kenny,None,5663,14291
674255168825880576,2015-12-08 15:52:13+00:00,10,10,Bobbay,None,526,1426
674075285688614912,2015-12-08 03:57:26+00:00,11,10,Mitch,None,272,960
674053186244734976,2015-12-08 02:29:37+00:00,10,10,Stanley,None,1248,3198
674051556661161984,2015-12-08 02:23:09+00:00,10,10,Lucy,None,472,1406
674038233588723717,2015-12-08 01:30:12+00:00,12,10,Kaiya,pupper,402,1071
674019345211760640,2015-12-08 00:15:09+00:00,10,10,Acro,None,292,1094
674014384960745472,2015-12-07 23:55:26+00:00,11,10,Aiden,None,611,1510
673956914389192708,2015-12-07 20:07:04+00:00,10,10,one,pupper,921,1897
673919437611909120,2015-12-07 17:38:09+00:00,11,10,Obie,pupper,360,1134
673708611235921920,2015-12-07 03:40:24+00:00,12,10,Riley,None,275,1045
673707060090052608,2015-12-07 03:34:14+00:00,10,10,Raymond,pupper,378,1066
673686845050527744,2015-12-07 02:13:55+00:00,11,10,George,None,418,1398
673680198160809984,2015-12-07 01:47:30+00:00,13,10,Shnuggles,None,448,1328
673662677122719744,2015-12-07 00:37:52+00:00,12,10,Kendall,None,354,1216
673656262056419329,2015-12-07 00:12:23+00:00,10,10,Albert,pupper,229,696
673583129559498752,2015-12-06 19:21:47+00:00,11,10,Sandy,None,344,1152
673355879178194945,2015-12-06 04:18:46+00:00,11,10,Koda,None,554,1455
673342308415348736,2015-12-06 03:24:51+00:00,10,10,Django,pupper,555,1230
673320132811366400,2015-12-06 01:56:44+00:00,11,10,Frankie,None,7593,13024
673270968295534593,2015-12-05 22:41:22+00:00,11,10,Mac,None,348,1036
673213039743795200,2015-12-05 18:51:11+00:00,10,10,Dexter,None,813,2177
672997845381865473,2015-12-05 04:36:04+00:00,12,10,Kenzie,None,686,1900
672988786805112832,2015-12-05 04:00:04+00:00,10,10,Schnozz,pupper,278,957
672975131468300288,2015-12-05 03:05:49+00:00,10,10,Chuckles,pupper,870,1618
672968025906282496,2015-12-05 02:37:35+00:00,11,10,Gustaf,None,521,1284
672964561327235073,2015-12-05 02:23:49+00:00,10,10,Terry,None,619,1379
672898206762672129,2015-12-04 22:00:08+00:00,11,10,Cheryl,pupper,408,880
672834301050937345,2015-12-04 17:46:12+00:00,10,10,Ed,None,541,1274
672591762242805761,2015-12-04 01:42:26+00:00,10,10,Taz,None,325,925
672488522314567680,2015-12-03 18:52:12+00:00,10,10,Jackie,None,417,1070
672482722825261057,2015-12-03 18:29:09+00:00,10,10,light,None,573,1095
672481316919734272,2015-12-03 18:23:34+00:00,12,10,Jazz,pupper,123,697
672466075045466113,2015-12-03 17:23:00+00:00,12,10,Franq,None,512,1309
672272411274932228,2015-12-03 04:33:27+00:00,11,10,Pippin,None,3233,6232
672264251789176834,2015-12-03 04:01:02+00:00,10,10,Kreg,None,324,1097
672254177670729728,2015-12-03 03:21:00+00:00,11,10,Rolf,pupper,711,1387
672245253877968896,2015-12-03 02:45:32+00:00,12,10,Snickers,None,148,662
672169685991993344,2015-12-02 21:45:16+00:00,10,10,Bradley,None,353,987
672125275208069120,2015-12-02 18:48:47+00:00,11,10,just,None,1098,2309
672082170312290304,2015-12-02 15:57:30+00:00,11,10,Patch,None,352,910
671896809300709376,2015-12-02 03:40:57+00:00,10,10,Lola,None,4014,8216
671891728106971137,2015-12-02 03:20:45+00:00,11,10,Mojo,None,557,1274
671882082306625538,2015-12-02 02:42:26+00:00,11,10,Batdog,None,1338,3343
671874878652489728,2015-12-02 02:13:48+00:00,10,10,Mia,None,529,1208
671866342182637568,2015-12-02 01:39:53+00:00,10,10,Dylan,None,473,1082
671789708968640512,2015-12-01 20:35:22+00:00,13,10,space,None,3336,6820
671735591348891648,2015-12-01 17:00:19+00:00,11,10,Oscar,None,727,1392
671561002136281088,2015-12-01 05:26:34+00:00,13,10,the,None,6956,12346
671547767500775424,2015-12-01 04:33:59+00:00,10,10,Marley,None,570,1299
671542985629241344,2015-12-01 04:14:59+00:00,10,10,JD,None,541,1055
671528761649688577,2015-12-01 03:18:27+00:00,10,10,Jax,None,248,814
671520732782923777,2015-12-01 02:46:33+00:00,10,10,Alejandro,None,507,1347
671504605491109889,2015-12-01 01:42:28+00:00,11,10,Charlie,None,3415,6751
671497587707535361,2015-12-01 01:14:35+00:00,11,10,Pip,None,428,887
671486386088865792,2015-12-01 00:30:04+00:00,10,10,Malcolm,None,188,562
671485057807351808,2015-12-01 00:24:48+00:00,11,10,Penelope,None,225,736
671362598324076544,2015-11-30 16:18:11+00:00,11,10,Tanner,None,286,1067
671355857343524864,2015-11-30 15:51:24+00:00,10,10,Lou,None,114,471
671186162933985280,2015-11-30 04:37:05+00:00,10,10,Sparky,None,202,710
671166507850801152,2015-11-30 03:18:59+00:00,10,10,Herm,None,330,848
671154572044468225,2015-11-30 02:31:34+00:00,11,10,Holly,None,209,688
670840546554966016,2015-11-29 05:43:44+00:00,10,10,Colby,None,187,564
670832455012716544,2015-11-29 05:11:35+00:00,10,10,Amy,None,208,709
670823764196741120,2015-11-29 04:37:03+00:00,12,10,Remington,None,180,750
670815497391357952,2015-11-29 04:04:12+00:00,10,10,Sage,None,1480,3062
670811965569282048,2015-11-29 03:50:10+00:00,10,10,Maggie,None,260,1088
670807719151067136,2015-11-29 03:33:17+00:00,11,10,Andy,None,470,1122
670804601705242624,2015-11-29 03:20:54+00:00,10,10,Mason,None,917,1893
670797304698376195,2015-11-29 02:51:54+00:00,11,10,Trigger,None,229,711
670764103623966721,2015-11-29 00:39:59+00:00,10,10,Vincent,None,403,1040
670727704916926465,2015-11-28 22:15:21+00:00,10,10,Jeffrie,None,343,802
670668383499735048,2015-11-28 18:19:37+00:00,10,10,Phineas,None,4812,10311
670468609693655041,2015-11-28 05:05:47+00:00,10,10,Edd,None,84,346
670444955656130560,2015-11-28 03:31:48+00:00,10,10,Paull,None,1904,6490
670442337873600512,2015-11-28 03:21:24+00:00,11,10,Koda,None,191,627
670434127938719744,2015-11-28 02:48:46+00:00,11,10,Hank,None,620,1358
670433248821026816,2015-11-28 02:45:17+00:00,10,10,Sam,None,106,319
670428280563085312,2015-11-28 02:25:32+00:00,11,10,Willy,None,593,1335
670421925039075328,2015-11-28 02:00:17+00:00,12,10,Herb,None,606,1263
670420569653809152,2015-11-28 01:54:54+00:00,10,10,Damon,None,302,602
670411370698022913,2015-11-28 01:18:21+00:00,12,10,Scooter,None,851,1950
670408998013820928,2015-11-28 01:08:55+00:00,10,10,Peanut,None,211,538
670403879788544000,2015-11-28 00:48:35+00:00,10,10,Nigel,None,144,410
670374371102445568,2015-11-27 22:51:19+00:00,12,10,Daisy,None,258,719
670338931251150849,2015-11-27 20:30:30+00:00,10,10,Butters,None,103,415
670290420111441920,2015-11-27 17:17:44+00:00,11,10,Sandra,None,270,676
670079681849372674,2015-11-27 03:20:20+00:00,10,10,Fabio,None,1173,2146
670073503555706880,2015-11-27 02:55:47+00:00,10,10,Winston,None,757,1514
670061506722140161,2015-11-27 02:08:07+00:00,11,10,Liam,None,319,737
670046952931721218,2015-11-27 01:10:17+00:00,11,10,Ben,None,165,625
670003130994700288,2015-11-26 22:16:09+00:00,10,10,Raphael,None,87,318
669970042633789440,2015-11-26 20:04:40+00:00,10,10,Julio,None,55,292
669942763794931712,2015-11-26 18:16:16+00:00,11,10,Andru,None,153,489
669753178989142016,2015-11-26 05:42:55+00:00,10,10,Chester,None,376,781
669683899023405056,2015-11-26 01:07:38+00:00,10,10,Kloey,None,105,377
669625907762618368,2015-11-25 21:17:12+00:00,12,10,Penny,None,1739,3409
669597912108789760,2015-11-25 19:25:57+00:00,10,10,Skye,None,145,501
669573570759163904,2015-11-25 17:49:14+00:00,10,10,Linda,None,134,425
669393256313184256,2015-11-25 05:52:43+00:00,10,10,Ronduh,None,71,348
669371483794317312,2015-11-25 04:26:12+00:00,10,10,Olivir,None,170,478
669367896104181761,2015-11-25 04:11:57+00:00,10,10,Chip,None,145,445
669359674819481600,2015-11-25 03:39:17+00:00,11,10,Saydee,None,116,358
669351434509529089,2015-11-25 03:06:32+00:00,10,10,Sully,None,173,419
669328503091937280,2015-11-25 01:35:25+00:00,12,10,Kirk,None,400,982
669324657376567296,2015-11-25 01:20:08+00:00,11,10,Ralf,None,200,485
669214165781868544,2015-11-24 18:01:05+00:00,10,10,Jaspers,None,154,426
669006782128353280,2015-11-24 04:17:01+00:00,12,10,Tucker,None,238,559
669000397445533696,2015-11-24 03:51:38+00:00,11,10,Terrance,None,6109,20179
668979806671884288,2015-11-24 02:29:49+00:00,12,10,Chaz,None,334,770
668975677807423489,2015-11-24 02:13:25+00:00,11,10,Jeremy,None,556,1256
668960084974809088,2015-11-24 01:11:27+00:00,10,10,Jaycob,None,231,680
668902994700836864,2015-11-23 21:24:36+00:00,11,10,Lambeau,None,97,308
668892474547511297,2015-11-23 20:42:48+00:00,11,10,Ruffles,None,144,384
668872652652679168,2015-11-23 19:24:02+00:00,11,10,Amlie,None,289,510
668852170888998912,2015-11-23 18:02:38+00:00,11,10,Bobb,None,153,437
668826086256599040,2015-11-23 16:18:59+00:00,10,10,Banditt,None,129,422
668779399630725120,2015-11-23 13:13:28+00:00,10,10,Kevon,None,353,681
668655139528511488,2015-11-23 04:59:42+00:00,11,10,Winifred,None,210,506
668641109086707712,2015-11-23 04:03:57+00:00,10,10,Hanz,None,524,1035
668636665813057536,2015-11-23 03:46:18+00:00,10,10,an,None,475,1009
668633411083464705,2015-11-23 03:33:22+00:00,10,10,Churlie,None,1552,2697
668625577880875008,2015-11-23 03:02:14+00:00,10,10,Maks,None,123,370
668623201287675904,2015-11-23 02:52:48+00:00,10,10,Jomathan,None,724,1371
668620235289837568,2015-11-23 02:41:01+00:00,10,10,Kallie,None,38,192
668587383441514497,2015-11-23 00:30:28+00:00,13,10,the,None,1028,1609
668567822092664832,2015-11-22 23:12:44+00:00,11,10,Marvin,None,50,235
668528771708952576,2015-11-22 20:37:34+00:00,12,10,Grdn,None,213,446
668480044826800133,2015-11-22 17:23:57+00:00,11,10,DayZ,None,142,442
668286279830867968,2015-11-22 04:33:59+00:00,11,10,Rusty,None,131,483
668274247790391296,2015-11-22 03:46:11+00:00,10,10,Sophie,None,224,794
668256321989451776,2015-11-22 02:34:57+00:00,13,10,Jareld,None,575,1247
668237644992782336,2015-11-22 01:20:44+00:00,10,10,Torque,None,2718,5967
668190681446379520,2015-11-21 22:14:07+00:00,12,10,Skittles,None,191,625
667915453470232577,2015-11-21 04:00:28+00:00,10,10,Otis,None,54,199
667886921285246976,2015-11-21 02:07:05+00:00,11,10,Erik,None,1029,1796
667885044254572545,2015-11-21 01:59:37+00:00,10,10,Stu,None,452,792
667866724293877760,2015-11-21 00:46:50+00:00,10,10,Shaggy,None,985,2915
667806454573760512,2015-11-20 20:47:20+00:00,10,10,Filup,None,469,1015
667728196545200128,2015-11-20 15:36:22+00:00,11,10,Olive,None,143,364
667544320556335104,2015-11-20 03:25:43+00:00,10,10,Kial,None,499,827
667530908589760512,2015-11-20 02:32:25+00:00,10,10,Naphaniel,None,226,447
667502640335572993,2015-11-20 00:40:05+00:00,11,10,Hall,None,212,520
667453023279554560,2015-11-19 21:22:56+00:00,11,10,Cupcake,None,85,298
667200525029539841,2015-11-19 04:39:35+00:00,11,10,Joshwa,None,249,591
667182792070062081,2015-11-19 03:29:07+00:00,10,10,Timison,None,5862,13701
667171260800061440,2015-11-19 02:43:18+00:00,10,10,Kenneth,None,80,212
667165590075940865,2015-11-19 02:20:46+00:00,10,10,Churlie,None,1074,2575
667160273090932737,2015-11-19 01:59:39+00:00,11,10,Bradlay,None,60,248
667152164079423490,2015-11-19 01:27:25+00:00,12,10,Pipsy,None,16101,45667
667119796878725120,2015-11-18 23:18:48+00:00,10,10,Gabe,None,123,319
667073648344346624,2015-11-18 20:15:26+00:00,10,10,Dave,None,113,379
667062181243039745,2015-11-18 19:29:52+00:00,10,10,Keet,None,49,210
666996132027977728,2015-11-18 15:07:24+00:00,10,10,Carll,None,84,232
666739327293083650,2015-11-17 22:06:57+00:00,10,10,Lugan,None,62,223
666454714377183233,2015-11-17 03:16:00+00:00,10,10,Kreggory,None,199,490
666418789513326592,2015-11-17 00:53:15+00:00,10,10,Walter,None,42,115
666063827256086533,2015-11-16 01:22:45+00:00,10,10,the,None,198,446
